"ID","SIZE","HH","TYPE","TIME","S_num","I_num"
1,5,1,"0",22,NA,0
2,5,1,NA,NA,NA,0
3,5,1,NA,NA,NA,0
4,5,1,NA,NA,NA,0
5,5,1,NA,NA,NA,0
6,6,2,NA,NA,NA,0
7,6,2,NA,NA,NA,0
8,6,2,NA,NA,NA,0
9,6,2,NA,NA,NA,0
10,6,2,NA,NA,NA,0
11,6,2,NA,NA,NA,0
12,4,3,NA,NA,NA,0
13,4,3,NA,NA,NA,0
14,4,3,NA,NA,NA,0
15,4,3,NA,NA,NA,0
16,3,4,NA,NA,NA,0
17,3,4,NA,NA,NA,0
18,3,4,NA,NA,NA,0
19,3,5,NA,NA,NA,0
20,3,5,NA,NA,NA,0
21,3,5,NA,NA,NA,0
22,5,6,NA,NA,NA,0
23,5,6,NA,NA,NA,0
24,5,6,NA,NA,NA,0
25,5,6,NA,NA,NA,0
26,5,6,NA,NA,NA,0
27,6,7,NA,NA,NA,0
28,6,7,NA,NA,NA,0
29,6,7,NA,NA,NA,0
30,6,7,NA,NA,NA,0
31,6,7,NA,NA,NA,0
32,6,7,NA,NA,NA,0
33,6,8,NA,NA,NA,0
34,6,8,NA,NA,NA,0
35,6,8,NA,NA,NA,0
36,6,8,NA,NA,NA,0
37,6,8,NA,NA,NA,0
38,6,8,NA,NA,NA,0
39,6,9,NA,NA,NA,0
40,6,9,NA,NA,NA,0
41,6,9,NA,NA,NA,0
42,6,9,NA,NA,NA,0
43,6,9,NA,NA,NA,0
44,6,9,NA,NA,NA,0
45,5,10,NA,NA,NA,0
46,5,10,NA,NA,NA,0
47,5,10,NA,NA,NA,0
48,5,10,NA,NA,NA,0
49,5,10,NA,NA,NA,0
50,6,11,NA,NA,NA,0
51,6,11,NA,NA,NA,0
52,6,11,NA,NA,NA,0
53,6,11,NA,NA,NA,0
54,6,11,NA,NA,NA,0
55,6,11,NA,NA,NA,0
56,3,12,NA,NA,NA,0
57,3,12,NA,NA,NA,0
58,3,12,NA,NA,NA,0
59,3,13,NA,NA,NA,0
60,3,13,NA,NA,NA,0
61,3,13,NA,NA,NA,0
62,6,14,NA,NA,NA,0
63,6,14,NA,NA,NA,0
64,6,14,NA,NA,NA,0
65,6,14,NA,NA,NA,0
66,6,14,NA,NA,NA,0
67,6,14,NA,NA,NA,0
68,3,15,NA,NA,NA,0
69,3,15,NA,NA,NA,0
70,3,15,NA,NA,NA,0
71,6,16,NA,NA,NA,0
72,6,16,NA,NA,NA,0
73,6,16,NA,NA,NA,0
74,6,16,NA,NA,NA,0
75,6,16,NA,NA,NA,0
76,6,16,NA,NA,NA,0
77,4,17,NA,NA,NA,0
78,4,17,NA,NA,NA,0
79,4,17,NA,NA,NA,0
80,4,17,NA,NA,NA,0
81,5,18,NA,NA,NA,0
82,5,18,NA,NA,NA,0
83,5,18,NA,NA,NA,0
84,5,18,NA,NA,NA,0
85,5,18,NA,NA,NA,0
86,6,19,NA,NA,NA,0
87,6,19,NA,NA,NA,0
88,6,19,NA,NA,NA,0
89,6,19,NA,NA,NA,0
90,6,19,NA,NA,NA,0
91,6,19,NA,NA,NA,0
92,6,20,NA,NA,NA,0
93,6,20,NA,NA,NA,0
94,6,20,NA,NA,NA,0
95,6,20,NA,NA,NA,0
96,6,20,NA,NA,NA,0
97,6,20,NA,NA,NA,0
98,3,21,NA,NA,NA,0
99,3,21,NA,NA,NA,0
100,3,21,NA,NA,NA,0
101,4,22,NA,NA,NA,0
102,4,22,NA,NA,NA,0
103,4,22,NA,NA,NA,0
104,4,22,NA,NA,NA,0
105,5,23,NA,NA,NA,0
106,5,23,NA,NA,NA,0
107,5,23,NA,NA,NA,0
108,5,23,NA,NA,NA,0
109,5,23,NA,NA,NA,0
110,5,24,NA,NA,NA,0
111,5,24,NA,NA,NA,0
112,5,24,NA,NA,NA,0
113,5,24,NA,NA,NA,0
114,5,24,NA,NA,NA,0
115,6,25,NA,NA,NA,0
116,6,25,NA,NA,NA,0
117,6,25,NA,NA,NA,0
118,6,25,NA,NA,NA,0
119,6,25,NA,NA,NA,0
120,6,25,NA,NA,NA,0
121,6,26,NA,NA,NA,0
122,6,26,NA,NA,NA,0
123,6,26,NA,NA,NA,0
124,6,26,NA,NA,NA,0
125,6,26,NA,NA,NA,0
126,6,26,NA,NA,NA,0
127,3,27,NA,NA,NA,0
128,3,27,NA,NA,NA,0
129,3,27,NA,NA,NA,0
130,5,28,NA,NA,NA,0
131,5,28,NA,NA,NA,0
132,5,28,NA,NA,NA,0
133,5,28,NA,NA,NA,0
134,5,28,NA,NA,NA,0
135,5,29,NA,NA,NA,0
136,5,29,NA,NA,NA,0
137,5,29,NA,NA,NA,0
138,5,29,NA,NA,NA,0
139,5,29,NA,NA,NA,0
140,4,30,NA,NA,NA,0
141,4,30,NA,NA,NA,0
142,4,30,NA,NA,NA,0
143,4,30,NA,NA,NA,0
144,5,31,NA,NA,NA,0
145,5,31,NA,NA,NA,0
146,5,31,NA,NA,NA,0
147,5,31,NA,NA,NA,0
148,5,31,NA,NA,NA,0
149,4,32,NA,NA,NA,0
150,4,32,NA,NA,NA,0
151,4,32,NA,NA,NA,0
152,4,32,NA,NA,NA,0
153,5,33,NA,NA,NA,0
154,5,33,NA,NA,NA,0
155,5,33,NA,NA,NA,0
156,5,33,NA,NA,NA,0
157,5,33,NA,NA,NA,0
158,3,34,NA,NA,NA,0
159,3,34,NA,NA,NA,0
160,3,34,NA,NA,NA,0
161,6,35,NA,NA,NA,0
162,6,35,NA,NA,NA,0
163,6,35,NA,NA,NA,0
164,6,35,NA,NA,NA,0
165,6,35,NA,NA,NA,0
166,6,35,NA,NA,NA,0
167,6,36,NA,NA,NA,0
168,6,36,NA,NA,NA,0
169,6,36,NA,NA,NA,0
170,6,36,NA,NA,NA,0
171,6,36,NA,NA,NA,0
172,6,36,NA,NA,NA,0
173,6,37,NA,NA,NA,0
174,6,37,NA,NA,NA,0
175,6,37,NA,NA,NA,0
176,6,37,NA,NA,NA,0
177,6,37,NA,NA,NA,0
178,6,37,NA,NA,NA,0
179,5,38,NA,NA,NA,0
180,5,38,NA,NA,NA,0
181,5,38,NA,NA,NA,0
182,5,38,NA,NA,NA,0
183,5,38,NA,NA,NA,0
184,3,39,NA,NA,NA,0
185,3,39,NA,NA,NA,0
186,3,39,NA,NA,NA,0
187,3,40,NA,NA,NA,0
188,3,40,NA,NA,NA,0
189,3,40,NA,NA,NA,0
190,6,41,NA,NA,NA,0
191,6,41,NA,NA,NA,0
192,6,41,NA,NA,NA,0
193,6,41,NA,NA,NA,0
194,6,41,NA,NA,NA,0
195,6,41,NA,NA,NA,0
196,6,42,NA,NA,NA,0
197,6,42,NA,NA,NA,0
198,6,42,NA,NA,NA,0
199,6,42,NA,NA,NA,0
200,6,42,NA,NA,NA,0
201,6,42,NA,NA,NA,0
202,4,43,NA,NA,NA,0
203,4,43,NA,NA,NA,0
204,4,43,NA,NA,NA,0
205,4,43,NA,NA,NA,0
206,5,44,NA,NA,NA,0
207,5,44,NA,NA,NA,0
208,5,44,NA,NA,NA,0
209,5,44,NA,NA,NA,0
210,5,44,NA,NA,NA,0
211,6,45,NA,NA,NA,0
212,6,45,NA,NA,NA,0
213,6,45,NA,NA,NA,0
214,6,45,NA,NA,NA,0
215,6,45,NA,NA,NA,0
216,6,45,NA,NA,NA,0
217,3,46,NA,NA,NA,0
218,3,46,NA,NA,NA,0
219,3,46,NA,NA,NA,0
220,6,47,NA,NA,NA,0
221,6,47,NA,NA,NA,0
222,6,47,NA,NA,NA,0
223,6,47,NA,NA,NA,0
224,6,47,NA,NA,NA,0
225,6,47,NA,NA,NA,0
226,5,48,NA,NA,NA,0
227,5,48,NA,NA,NA,0
228,5,48,NA,NA,NA,0
229,5,48,NA,NA,NA,0
230,5,48,NA,NA,NA,0
231,6,49,NA,NA,NA,0
232,6,49,NA,NA,NA,0
233,6,49,NA,NA,NA,0
234,6,49,NA,NA,NA,0
235,6,49,NA,NA,NA,0
236,6,49,NA,NA,NA,0
237,6,50,NA,NA,NA,0
238,6,50,NA,NA,NA,0
239,6,50,NA,NA,NA,0
240,6,50,NA,NA,NA,0
241,6,50,NA,NA,NA,0
242,6,50,NA,NA,NA,0
243,3,51,NA,NA,NA,0
244,3,51,NA,NA,NA,0
245,3,51,NA,NA,NA,0
246,6,52,NA,NA,NA,0
247,6,52,NA,NA,NA,0
248,6,52,NA,NA,NA,0
249,6,52,NA,NA,NA,0
250,6,52,NA,NA,NA,0
251,6,52,NA,NA,NA,0
252,3,53,NA,NA,NA,0
253,3,53,NA,NA,NA,0
254,3,53,NA,NA,NA,0
255,5,54,NA,NA,NA,0
256,5,54,NA,NA,NA,0
257,5,54,NA,NA,NA,0
258,5,54,NA,NA,NA,0
259,5,54,NA,NA,NA,0
260,3,55,NA,NA,NA,0
261,3,55,NA,NA,NA,0
262,3,55,NA,NA,NA,0
263,3,56,NA,NA,NA,0
264,3,56,NA,NA,NA,0
265,3,56,NA,NA,NA,0
266,5,57,NA,NA,NA,0
267,5,57,NA,NA,NA,0
268,5,57,NA,NA,NA,0
269,5,57,NA,NA,NA,0
270,5,57,NA,NA,NA,0
271,3,58,NA,NA,NA,0
272,3,58,NA,NA,NA,0
273,3,58,NA,NA,NA,0
274,4,59,NA,NA,NA,0
275,4,59,NA,NA,NA,0
276,4,59,NA,NA,NA,0
277,4,59,NA,NA,NA,0
278,3,60,NA,NA,NA,0
279,3,60,NA,NA,NA,0
280,3,60,NA,NA,NA,0
281,3,61,NA,NA,NA,0
282,3,61,NA,NA,NA,0
283,3,61,NA,NA,NA,0
284,6,62,NA,NA,NA,0
285,6,62,NA,NA,NA,0
286,6,62,NA,NA,NA,0
287,6,62,NA,NA,NA,0
288,6,62,NA,NA,NA,0
289,6,62,NA,NA,NA,0
290,6,63,NA,NA,NA,0
291,6,63,NA,NA,NA,0
292,6,63,NA,NA,NA,0
293,6,63,NA,NA,NA,0
294,6,63,NA,NA,NA,0
295,6,63,NA,NA,NA,0
296,6,64,NA,NA,NA,0
297,6,64,NA,NA,NA,0
298,6,64,NA,NA,NA,0
299,6,64,NA,NA,NA,0
300,6,64,NA,NA,NA,0
301,6,64,NA,NA,NA,0
302,3,65,NA,NA,NA,0
303,3,65,NA,NA,NA,0
304,3,65,NA,NA,NA,0
305,3,66,NA,NA,NA,0
306,3,66,NA,NA,NA,0
307,3,66,NA,NA,NA,0
308,4,67,NA,NA,NA,0
309,4,67,NA,NA,NA,0
310,4,67,NA,NA,NA,0
311,4,67,NA,NA,NA,0
312,3,68,NA,NA,NA,0
313,3,68,NA,NA,NA,0
314,3,68,NA,NA,NA,0
315,5,69,NA,NA,NA,0
316,5,69,NA,NA,NA,0
317,5,69,NA,NA,NA,0
318,5,69,NA,NA,NA,0
319,5,69,NA,NA,NA,0
320,3,70,NA,NA,NA,0
321,3,70,NA,NA,NA,0
322,3,70,NA,NA,NA,0
323,4,71,NA,NA,NA,0
324,4,71,NA,NA,NA,0
325,4,71,NA,NA,NA,0
326,4,71,NA,NA,NA,0
327,6,72,NA,NA,NA,0
328,6,72,NA,NA,NA,0
329,6,72,NA,NA,NA,0
330,6,72,NA,NA,NA,0
331,6,72,NA,NA,NA,0
332,6,72,NA,NA,NA,0
333,4,73,NA,NA,NA,0
334,4,73,NA,NA,NA,0
335,4,73,NA,NA,NA,0
336,4,73,NA,NA,NA,0
337,4,74,NA,NA,NA,0
338,4,74,NA,NA,NA,0
339,4,74,NA,NA,NA,0
340,4,74,NA,NA,NA,0
341,3,75,NA,NA,NA,0
342,3,75,NA,NA,NA,0
343,3,75,NA,NA,NA,0
344,3,76,NA,NA,NA,0
345,3,76,NA,NA,NA,0
346,3,76,NA,NA,NA,0
347,6,77,NA,NA,NA,0
348,6,77,NA,NA,NA,0
349,6,77,NA,NA,NA,0
350,6,77,NA,NA,NA,0
351,6,77,NA,NA,NA,0
352,6,77,NA,NA,NA,0
353,4,78,NA,NA,NA,0
354,4,78,NA,NA,NA,0
355,4,78,NA,NA,NA,0
356,4,78,NA,NA,NA,0
357,6,79,NA,NA,NA,0
358,6,79,NA,NA,NA,0
359,6,79,NA,NA,NA,0
360,6,79,NA,NA,NA,0
361,6,79,NA,NA,NA,0
362,6,79,NA,NA,NA,0
363,6,80,NA,NA,NA,0
364,6,80,NA,NA,NA,0
365,6,80,NA,NA,NA,0
366,6,80,NA,NA,NA,0
367,6,80,NA,NA,NA,0
368,6,80,NA,NA,NA,0
369,3,81,NA,NA,NA,0
370,3,81,NA,NA,NA,0
371,3,81,NA,NA,NA,0
372,5,82,NA,NA,NA,0
373,5,82,NA,NA,NA,0
374,5,82,NA,NA,NA,0
375,5,82,"E",64,NA,0
376,5,82,NA,NA,NA,0
377,5,83,NA,NA,NA,0
378,5,83,NA,NA,NA,0
379,5,83,NA,NA,NA,0
380,5,83,NA,NA,NA,0
381,5,83,NA,NA,NA,0
382,6,84,NA,NA,NA,0
383,6,84,NA,NA,NA,0
384,6,84,NA,NA,NA,0
385,6,84,NA,NA,NA,0
386,6,84,NA,NA,NA,0
387,6,84,NA,NA,NA,0
388,5,85,NA,NA,NA,0
389,5,85,NA,NA,NA,0
390,5,85,NA,NA,NA,0
391,5,85,NA,NA,NA,0
392,5,85,NA,NA,NA,0
393,6,86,NA,NA,NA,0
394,6,86,NA,NA,NA,0
395,6,86,NA,NA,NA,0
396,6,86,NA,NA,NA,0
397,6,86,NA,NA,NA,0
398,6,86,NA,NA,NA,0
399,5,87,NA,NA,NA,0
400,5,87,NA,NA,NA,0
401,5,87,NA,NA,NA,0
402,5,87,NA,NA,NA,0
403,5,87,NA,NA,NA,0
404,3,88,NA,NA,NA,0
405,3,88,NA,NA,NA,0
406,3,88,NA,NA,NA,0
407,4,89,NA,NA,NA,0
408,4,89,NA,NA,NA,0
409,4,89,NA,NA,NA,0
410,4,89,NA,NA,NA,0
411,5,90,NA,NA,NA,0
412,5,90,NA,NA,NA,0
413,5,90,NA,NA,NA,0
414,5,90,NA,NA,NA,0
415,5,90,NA,NA,NA,0
416,5,91,NA,NA,NA,0
417,5,91,NA,NA,NA,0
418,5,91,NA,NA,NA,0
419,5,91,NA,NA,NA,0
420,5,91,NA,NA,NA,0
421,3,92,NA,NA,NA,0
422,3,92,NA,NA,NA,0
423,3,92,NA,NA,NA,0
424,6,93,NA,NA,NA,0
425,6,93,NA,NA,NA,0
426,6,93,NA,NA,NA,0
427,6,93,NA,NA,NA,0
428,6,93,NA,NA,NA,0
429,6,93,NA,NA,NA,0
430,4,94,NA,NA,NA,0
431,4,94,NA,NA,NA,0
432,4,94,NA,NA,NA,0
433,4,94,NA,NA,NA,0
434,4,95,NA,NA,NA,0
435,4,95,NA,NA,NA,0
436,4,95,NA,NA,NA,0
437,4,95,NA,NA,NA,0
438,6,96,NA,NA,NA,0
439,6,96,NA,NA,NA,0
440,6,96,NA,NA,NA,0
441,6,96,NA,NA,NA,0
442,6,96,NA,NA,NA,0
443,6,96,NA,NA,NA,0
444,4,97,NA,NA,NA,0
445,4,97,NA,NA,NA,0
446,4,97,NA,NA,NA,0
447,4,97,NA,NA,NA,0
448,5,98,NA,NA,NA,0
449,5,98,NA,NA,NA,0
450,5,98,NA,NA,NA,0
451,5,98,NA,NA,NA,0
452,5,98,NA,NA,NA,0
453,4,99,NA,NA,NA,0
454,4,99,NA,NA,NA,0
455,4,99,NA,NA,NA,0
456,4,99,NA,NA,NA,0
457,4,100,NA,NA,NA,0
458,4,100,NA,NA,NA,0
459,4,100,NA,NA,NA,0
460,4,100,NA,NA,NA,0
461,6,101,NA,NA,NA,0
462,6,101,NA,NA,NA,0
463,6,101,NA,NA,NA,0
464,6,101,NA,NA,NA,0
465,6,101,NA,NA,NA,0
466,6,101,NA,NA,NA,0
467,3,102,NA,NA,NA,0
468,3,102,NA,NA,NA,0
469,3,102,NA,NA,NA,0
470,3,103,NA,NA,NA,0
471,3,103,NA,NA,NA,0
472,3,103,NA,NA,NA,0
473,4,104,NA,NA,NA,0
474,4,104,NA,NA,NA,0
475,4,104,NA,NA,NA,0
476,4,104,NA,NA,NA,0
477,3,105,NA,NA,NA,0
478,3,105,NA,NA,NA,0
479,3,105,NA,NA,NA,0
480,5,106,NA,NA,NA,0
481,5,106,NA,NA,NA,0
482,5,106,NA,NA,NA,0
483,5,106,NA,NA,NA,0
484,5,106,NA,NA,NA,0
485,3,107,NA,NA,NA,0
486,3,107,NA,NA,NA,0
487,3,107,NA,NA,NA,0
488,4,108,NA,NA,NA,0
489,4,108,NA,NA,NA,0
490,4,108,NA,NA,NA,0
491,4,108,NA,NA,NA,0
492,4,109,NA,NA,NA,0
493,4,109,NA,NA,NA,0
494,4,109,NA,NA,NA,0
495,4,109,NA,NA,NA,0
496,4,110,NA,NA,NA,0
497,4,110,NA,NA,NA,0
498,4,110,NA,NA,NA,0
499,4,110,NA,NA,NA,0
500,5,111,NA,NA,NA,0
501,5,111,NA,NA,NA,0
502,5,111,NA,NA,NA,0
503,5,111,NA,NA,NA,0
504,5,111,NA,NA,NA,0
505,6,112,NA,NA,NA,0
506,6,112,NA,NA,NA,0
507,6,112,NA,NA,NA,0
508,6,112,NA,NA,NA,0
509,6,112,NA,NA,NA,0
510,6,112,NA,NA,NA,0
511,6,113,NA,NA,NA,0
512,6,113,NA,NA,NA,0
513,6,113,NA,NA,NA,0
514,6,113,NA,NA,NA,0
515,6,113,NA,NA,NA,0
516,6,113,NA,NA,NA,0
517,5,114,NA,NA,NA,0
518,5,114,NA,NA,NA,0
519,5,114,NA,NA,NA,0
520,5,114,NA,NA,NA,0
521,5,114,NA,NA,NA,0
522,4,115,NA,NA,NA,0
523,4,115,NA,NA,NA,0
524,4,115,NA,NA,NA,0
525,4,115,NA,NA,NA,0
526,5,116,NA,NA,NA,0
527,5,116,NA,NA,NA,0
528,5,116,NA,NA,NA,0
529,5,116,NA,NA,NA,0
530,5,116,NA,NA,NA,0
531,6,117,NA,NA,NA,0
532,6,117,NA,NA,NA,0
533,6,117,NA,NA,NA,0
534,6,117,NA,NA,NA,0
535,6,117,NA,NA,NA,0
536,6,117,NA,NA,NA,0
537,3,118,NA,NA,NA,0
538,3,118,NA,NA,NA,0
539,3,118,NA,NA,NA,0
540,3,119,NA,NA,NA,0
541,3,119,NA,NA,NA,0
542,3,119,NA,NA,NA,0
543,3,120,NA,NA,NA,0
544,3,120,NA,NA,NA,0
545,3,120,NA,NA,NA,0
546,3,121,NA,NA,NA,0
547,3,121,NA,NA,NA,0
548,3,121,NA,NA,NA,0
549,4,122,NA,NA,NA,0
550,4,122,NA,NA,NA,0
551,4,122,NA,NA,NA,0
552,4,122,NA,NA,NA,0
553,6,123,NA,NA,NA,0
554,6,123,NA,NA,NA,0
555,6,123,NA,NA,NA,0
556,6,123,NA,NA,NA,0
557,6,123,NA,NA,NA,0
558,6,123,NA,NA,NA,0
559,6,124,NA,NA,NA,0
560,6,124,NA,NA,NA,0
561,6,124,NA,NA,NA,0
562,6,124,NA,NA,NA,0
563,6,124,NA,NA,NA,0
564,6,124,NA,NA,NA,0
565,3,125,NA,NA,NA,0
566,3,125,NA,NA,NA,0
567,3,125,NA,NA,NA,0
568,4,126,NA,NA,NA,0
569,4,126,NA,NA,NA,0
570,4,126,NA,NA,NA,0
571,4,126,NA,NA,NA,0
572,3,127,NA,NA,NA,0
573,3,127,NA,NA,NA,0
574,3,127,NA,NA,NA,0
575,6,128,NA,NA,NA,0
576,6,128,NA,NA,NA,0
577,6,128,NA,NA,NA,0
578,6,128,NA,NA,NA,0
579,6,128,NA,NA,NA,0
580,6,128,NA,NA,NA,0
581,6,129,NA,NA,NA,0
582,6,129,NA,NA,NA,0
583,6,129,NA,NA,NA,0
584,6,129,NA,NA,NA,0
585,6,129,NA,NA,NA,0
586,6,129,NA,NA,NA,0
587,6,130,"E",101,NA,0
588,6,130,NA,NA,NA,0
589,6,130,NA,NA,NA,0
590,6,130,NA,NA,NA,0
591,6,130,NA,NA,NA,0
592,6,130,NA,NA,NA,0
593,6,131,NA,NA,NA,0
594,6,131,NA,NA,NA,0
595,6,131,NA,NA,NA,0
596,6,131,NA,NA,NA,0
597,6,131,NA,NA,NA,0
598,6,131,NA,NA,NA,0
599,4,132,NA,NA,NA,0
600,4,132,NA,NA,NA,0
601,4,132,NA,NA,NA,0
602,4,132,NA,NA,NA,0
603,4,133,NA,NA,NA,0
604,4,133,NA,NA,NA,0
605,4,133,NA,NA,NA,0
606,4,133,NA,NA,NA,0
607,4,134,NA,NA,NA,0
608,4,134,NA,NA,NA,0
609,4,134,NA,NA,NA,0
610,4,134,NA,NA,NA,0
611,5,135,NA,NA,NA,0
612,5,135,NA,NA,NA,0
613,5,135,NA,NA,NA,0
614,5,135,NA,NA,NA,0
615,5,135,NA,NA,NA,0
616,5,136,NA,NA,NA,0
617,5,136,NA,NA,NA,0
618,5,136,NA,NA,NA,0
619,5,136,NA,NA,NA,0
620,5,136,NA,NA,NA,0
621,6,137,NA,NA,NA,0
622,6,137,NA,NA,NA,0
623,6,137,NA,NA,NA,0
624,6,137,NA,NA,NA,0
625,6,137,NA,NA,NA,0
626,6,137,NA,NA,NA,0
627,5,138,NA,NA,NA,0
628,5,138,NA,NA,NA,0
629,5,138,NA,NA,NA,0
630,5,138,NA,NA,NA,0
631,5,138,NA,NA,NA,0
632,4,139,NA,NA,NA,0
633,4,139,NA,NA,NA,0
634,4,139,NA,NA,NA,0
635,4,139,NA,NA,NA,0
636,4,140,NA,NA,NA,0
637,4,140,NA,NA,NA,0
638,4,140,NA,NA,NA,0
639,4,140,NA,NA,NA,0
640,4,141,NA,NA,NA,0
641,4,141,NA,NA,NA,0
642,4,141,NA,NA,NA,0
643,4,141,NA,NA,NA,0
644,6,142,NA,NA,NA,0
645,6,142,NA,NA,NA,0
646,6,142,NA,NA,NA,0
647,6,142,NA,NA,NA,0
648,6,142,NA,NA,NA,0
649,6,142,NA,NA,NA,0
650,6,143,NA,NA,NA,0
651,6,143,"E",46,NA,0
652,6,143,NA,NA,NA,0
653,6,143,NA,NA,NA,0
654,6,143,NA,NA,NA,0
655,6,143,NA,NA,NA,0
656,3,144,NA,NA,NA,0
657,3,144,NA,NA,NA,0
658,3,144,NA,NA,NA,0
659,4,145,NA,NA,NA,0
660,4,145,NA,NA,NA,0
661,4,145,NA,NA,NA,0
662,4,145,NA,NA,NA,0
663,3,146,NA,NA,NA,0
664,3,146,NA,NA,NA,0
665,3,146,NA,NA,NA,0
666,3,147,NA,NA,NA,0
667,3,147,NA,NA,NA,0
668,3,147,NA,NA,NA,0
669,3,148,NA,NA,NA,0
670,3,148,NA,NA,NA,0
671,3,148,NA,NA,NA,0
672,4,149,NA,NA,NA,0
673,4,149,NA,NA,NA,0
674,4,149,NA,NA,NA,0
675,4,149,NA,NA,NA,0
676,3,150,NA,NA,NA,0
677,3,150,NA,NA,NA,0
678,3,150,NA,NA,NA,0
679,3,151,NA,NA,NA,0
680,3,151,NA,NA,NA,0
681,3,151,NA,NA,NA,0
682,3,152,NA,NA,NA,0
683,3,152,NA,NA,NA,0
684,3,152,NA,NA,NA,0
685,3,153,NA,NA,NA,0
686,3,153,NA,NA,NA,0
687,3,153,NA,NA,NA,0
688,5,154,NA,NA,NA,0
689,5,154,NA,NA,NA,0
690,5,154,NA,NA,NA,0
691,5,154,NA,NA,NA,0
692,5,154,NA,NA,NA,0
693,4,155,NA,NA,NA,0
694,4,155,NA,NA,NA,0
695,4,155,NA,NA,NA,0
696,4,155,NA,NA,NA,0
697,6,156,NA,NA,NA,0
698,6,156,NA,NA,NA,0
699,6,156,NA,NA,NA,0
700,6,156,NA,NA,NA,0
701,6,156,NA,NA,NA,0
702,6,156,NA,NA,NA,0
703,5,157,NA,NA,NA,0
704,5,157,NA,NA,NA,0
705,5,157,NA,NA,NA,0
706,5,157,NA,NA,NA,0
707,5,157,NA,NA,NA,0
708,4,158,NA,NA,NA,0
709,4,158,NA,NA,NA,0
710,4,158,NA,NA,NA,0
711,4,158,NA,NA,NA,0
712,3,159,NA,NA,NA,0
713,3,159,NA,NA,NA,0
714,3,159,NA,NA,NA,0
715,5,160,NA,NA,NA,0
716,5,160,NA,NA,NA,0
717,5,160,NA,NA,NA,0
718,5,160,NA,NA,NA,0
719,5,160,NA,NA,NA,0
720,5,161,NA,NA,NA,0
721,5,161,NA,NA,NA,0
722,5,161,NA,NA,NA,0
723,5,161,NA,NA,NA,0
724,5,161,NA,NA,NA,0
725,6,162,NA,NA,NA,0
726,6,162,NA,NA,NA,0
727,6,162,NA,NA,NA,0
728,6,162,NA,NA,NA,0
729,6,162,NA,NA,NA,0
730,6,162,NA,NA,NA,0
731,4,163,NA,NA,NA,0
732,4,163,NA,NA,NA,0
733,4,163,NA,NA,NA,0
734,4,163,NA,NA,NA,0
735,4,164,NA,NA,NA,0
736,4,164,NA,NA,NA,0
737,4,164,NA,NA,NA,0
738,4,164,NA,NA,NA,0
739,6,165,NA,NA,NA,0
740,6,165,NA,NA,NA,0
741,6,165,NA,NA,NA,0
742,6,165,NA,NA,NA,0
743,6,165,NA,NA,NA,0
744,6,165,NA,NA,NA,0
745,5,166,NA,NA,NA,0
746,5,166,NA,NA,NA,0
747,5,166,NA,NA,NA,0
748,5,166,NA,NA,NA,0
749,5,166,NA,NA,NA,0
750,5,167,NA,NA,NA,0
751,5,167,NA,NA,NA,0
752,5,167,NA,NA,NA,0
753,5,167,NA,NA,NA,0
754,5,167,NA,NA,NA,0
755,3,168,NA,NA,NA,0
756,3,168,NA,NA,NA,0
757,3,168,NA,NA,NA,0
758,6,169,NA,NA,NA,0
759,6,169,NA,NA,NA,0
760,6,169,NA,NA,NA,0
761,6,169,NA,NA,NA,0
762,6,169,NA,NA,NA,0
763,6,169,NA,NA,NA,0
764,4,170,NA,NA,NA,0
765,4,170,NA,NA,NA,0
766,4,170,NA,NA,NA,0
767,4,170,NA,NA,NA,0
768,5,171,NA,NA,NA,0
769,5,171,NA,NA,NA,0
770,5,171,NA,NA,NA,0
771,5,171,NA,NA,NA,0
772,5,171,NA,NA,NA,0
773,6,172,NA,NA,NA,0
774,6,172,NA,NA,NA,0
775,6,172,NA,NA,NA,0
776,6,172,NA,NA,NA,0
777,6,172,NA,NA,NA,0
778,6,172,NA,NA,NA,0
779,4,173,NA,NA,NA,0
780,4,173,NA,NA,NA,0
781,4,173,NA,NA,NA,0
782,4,173,NA,NA,NA,0
783,6,174,NA,NA,NA,0
784,6,174,NA,NA,NA,0
785,6,174,NA,NA,NA,0
786,6,174,NA,NA,NA,0
787,6,174,NA,NA,NA,0
788,6,174,NA,NA,NA,0
789,6,175,NA,NA,NA,0
790,6,175,NA,NA,NA,0
791,6,175,NA,NA,NA,0
792,6,175,NA,NA,NA,0
793,6,175,NA,NA,NA,0
794,6,175,NA,NA,NA,0
795,3,176,NA,NA,NA,0
796,3,176,NA,NA,NA,0
797,3,176,NA,NA,NA,0
798,6,177,NA,NA,NA,0
799,6,177,NA,NA,NA,0
800,6,177,NA,NA,NA,0
801,6,177,NA,NA,NA,0
802,6,177,NA,NA,NA,0
803,6,177,NA,NA,NA,0
804,6,178,NA,NA,NA,0
805,6,178,NA,NA,NA,0
806,6,178,NA,NA,NA,0
807,6,178,NA,NA,NA,0
808,6,178,NA,NA,NA,0
809,6,178,NA,NA,NA,0
810,4,179,NA,NA,NA,0
811,4,179,NA,NA,NA,0
812,4,179,NA,NA,NA,0
813,4,179,NA,NA,NA,0
814,5,180,NA,NA,NA,0
815,5,180,NA,NA,NA,0
816,5,180,NA,NA,NA,0
817,5,180,NA,NA,NA,0
818,5,180,NA,NA,NA,0
819,4,181,NA,NA,NA,0
820,4,181,NA,NA,NA,0
821,4,181,NA,NA,NA,0
822,4,181,NA,NA,NA,0
823,3,182,NA,NA,NA,0
824,3,182,NA,NA,NA,0
825,3,182,NA,NA,NA,0
826,3,183,NA,NA,NA,0
827,3,183,NA,NA,NA,0
828,3,183,NA,NA,NA,0
829,4,184,NA,NA,NA,0
830,4,184,NA,NA,NA,0
831,4,184,NA,NA,NA,0
832,4,184,NA,NA,NA,0
833,6,185,NA,NA,NA,0
834,6,185,NA,NA,NA,0
835,6,185,NA,NA,NA,0
836,6,185,NA,NA,NA,0
837,6,185,NA,NA,NA,0
838,6,185,NA,NA,NA,0
839,6,186,NA,NA,NA,0
840,6,186,NA,NA,NA,0
841,6,186,NA,NA,NA,0
842,6,186,NA,NA,NA,0
843,6,186,NA,NA,NA,0
844,6,186,NA,NA,NA,0
845,5,187,NA,NA,NA,0
846,5,187,NA,NA,NA,0
847,5,187,NA,NA,NA,0
848,5,187,NA,NA,NA,0
849,5,187,NA,NA,NA,0
850,4,188,NA,NA,NA,0
851,4,188,NA,NA,NA,0
852,4,188,NA,NA,NA,0
853,4,188,NA,NA,NA,0
854,4,189,NA,NA,NA,0
855,4,189,NA,NA,NA,0
856,4,189,NA,NA,NA,0
857,4,189,NA,NA,NA,0
858,4,190,NA,NA,NA,0
859,4,190,NA,NA,NA,0
860,4,190,NA,NA,NA,0
861,4,190,NA,NA,NA,0
862,6,191,NA,NA,NA,0
863,6,191,NA,NA,NA,0
864,6,191,NA,NA,NA,0
865,6,191,NA,NA,NA,0
866,6,191,NA,NA,NA,0
867,6,191,NA,NA,NA,0
868,6,192,NA,NA,NA,0
869,6,192,NA,NA,NA,0
870,6,192,NA,NA,NA,0
871,6,192,NA,NA,NA,0
872,6,192,NA,NA,NA,0
873,6,192,NA,NA,NA,0
874,6,193,NA,NA,NA,0
875,6,193,NA,NA,NA,0
876,6,193,NA,NA,NA,0
877,6,193,NA,NA,NA,0
878,6,193,NA,NA,NA,0
879,6,193,NA,NA,NA,0
880,3,194,NA,NA,NA,0
881,3,194,NA,NA,NA,0
882,3,194,NA,NA,NA,0
883,5,195,NA,NA,NA,0
884,5,195,NA,NA,NA,0
885,5,195,NA,NA,NA,0
886,5,195,NA,NA,NA,0
887,5,195,NA,NA,NA,0
888,3,196,NA,NA,NA,0
889,3,196,NA,NA,NA,0
890,3,196,NA,NA,NA,0
891,4,197,NA,NA,NA,0
892,4,197,NA,NA,NA,0
893,4,197,NA,NA,NA,0
894,4,197,NA,NA,NA,0
895,6,198,NA,NA,NA,0
896,6,198,NA,NA,NA,0
897,6,198,NA,NA,NA,0
898,6,198,NA,NA,NA,0
899,6,198,NA,NA,NA,0
900,6,198,NA,NA,NA,0
901,4,199,NA,NA,NA,0
902,4,199,NA,NA,NA,0
903,4,199,NA,NA,NA,0
904,4,199,NA,NA,NA,0
905,4,200,NA,NA,NA,0
906,4,200,NA,NA,NA,0
907,4,200,NA,NA,NA,0
908,4,200,NA,NA,NA,0
909,6,201,NA,NA,NA,0
910,6,201,NA,NA,NA,0
911,6,201,NA,NA,NA,0
912,6,201,NA,NA,NA,0
913,6,201,NA,NA,NA,0
914,6,201,NA,NA,NA,0
915,6,202,NA,NA,NA,0
916,6,202,NA,NA,NA,0
917,6,202,NA,NA,NA,0
918,6,202,NA,NA,NA,0
919,6,202,NA,NA,NA,0
920,6,202,NA,NA,NA,0
921,5,203,NA,NA,NA,0
922,5,203,NA,NA,NA,0
923,5,203,NA,NA,NA,0
924,5,203,NA,NA,NA,0
925,5,203,NA,NA,NA,0
926,3,204,NA,NA,NA,0
927,3,204,NA,NA,NA,0
928,3,204,NA,NA,NA,0
929,6,205,NA,NA,NA,0
930,6,205,NA,NA,NA,0
931,6,205,NA,NA,NA,0
932,6,205,NA,NA,NA,0
933,6,205,NA,NA,NA,0
934,6,205,NA,NA,NA,0
935,5,206,NA,NA,NA,0
936,5,206,NA,NA,NA,0
937,5,206,NA,NA,NA,0
938,5,206,NA,NA,NA,0
939,5,206,NA,NA,NA,0
940,6,207,NA,NA,NA,0
941,6,207,NA,NA,NA,0
942,6,207,NA,NA,NA,0
943,6,207,NA,NA,NA,0
944,6,207,NA,NA,NA,0
945,6,207,NA,NA,NA,0
946,4,208,NA,NA,NA,0
947,4,208,NA,NA,NA,0
948,4,208,NA,NA,NA,0
949,4,208,NA,NA,NA,0
950,5,209,NA,NA,NA,0
951,5,209,NA,NA,NA,0
952,5,209,NA,NA,NA,0
953,5,209,NA,NA,NA,0
954,5,209,NA,NA,NA,0
955,5,210,NA,NA,NA,0
956,5,210,NA,NA,NA,0
957,5,210,NA,NA,NA,0
958,5,210,NA,NA,NA,0
959,5,210,NA,NA,NA,0
960,4,211,NA,NA,NA,0
961,4,211,NA,NA,NA,0
962,4,211,NA,NA,NA,0
963,4,211,NA,NA,NA,0
964,6,212,NA,NA,NA,0
965,6,212,NA,NA,NA,0
966,6,212,NA,NA,NA,0
967,6,212,NA,NA,NA,0
968,6,212,NA,NA,NA,0
969,6,212,NA,NA,NA,0
970,3,213,NA,NA,NA,0
971,3,213,NA,NA,NA,0
972,3,213,NA,NA,NA,0
973,3,214,NA,NA,NA,0
974,3,214,NA,NA,NA,0
975,3,214,NA,NA,NA,0
976,4,215,NA,NA,NA,0
977,4,215,NA,NA,NA,0
978,4,215,NA,NA,NA,0
979,4,215,NA,NA,NA,0
980,4,216,NA,NA,NA,0
981,4,216,NA,NA,NA,0
982,4,216,NA,NA,NA,0
983,4,216,NA,NA,NA,0
984,6,217,NA,NA,NA,0
985,6,217,NA,NA,NA,0
986,6,217,NA,NA,NA,0
987,6,217,NA,NA,NA,0
988,6,217,NA,NA,NA,0
989,6,217,NA,NA,NA,0
990,6,218,NA,NA,NA,0
991,6,218,NA,NA,NA,0
992,6,218,NA,NA,NA,0
993,6,218,NA,NA,NA,0
994,6,218,NA,NA,NA,0
995,6,218,NA,NA,NA,0
996,5,219,NA,NA,NA,0
997,5,219,NA,NA,NA,0
998,5,219,NA,NA,NA,0
999,5,219,NA,NA,NA,0
1000,5,219,NA,NA,NA,0
