i,time,Type,has_hh,month
1,292,NA,FALSE,10
1,305,NA,FALSE,11
1,352,NA,FALSE,12
1,313,NA,FALSE,11
1,162,NA,FALSE,6
1,170,NA,FALSE,6
1,271,NA,FALSE,10
1,324,NA,FALSE,11
1,94,NA,FALSE,4
1,289,NA,FALSE,10
1,141,NA,FALSE,5
1,190,NA,FALSE,7
1,337,NA,FALSE,12
1,150,NA,FALSE,5
1,358,NA,FALSE,12
1,244,NA,FALSE,9
1,177,NA,FALSE,6
1,118,NA,FALSE,4
1,192,NA,FALSE,7
1,235,NA,TRUE,8
1,336,NA,FALSE,12
1,358,NA,TRUE,12
1,120,NA,FALSE,4
1,188,NA,FALSE,7
1,55,NA,FALSE,2
1,342,NA,FALSE,12
1,42,NA,FALSE,2
1,301,NA,FALSE,11
1,43,NA,FALSE,2
1,273,NA,FALSE,10
1,202,NA,FALSE,7
1,184,NA,FALSE,7
1,39,NA,FALSE,2
1,330,NA,FALSE,11
1,190,NA,FALSE,7
1,112,NA,FALSE,4
1,267,NA,FALSE,9
1,120,NA,FALSE,4
1,108,NA,FALSE,4
1,148,NA,FALSE,5
1,245,NA,FALSE,9
1,139,NA,FALSE,5
1,80,NA,FALSE,3
1,247,NA,FALSE,9
1,105,NA,FALSE,4
1,225,NA,FALSE,8
1,193,NA,FALSE,7
1,310,NA,FALSE,11
1,352,NA,FALSE,12
1,326,NA,FALSE,11
1,349,NA,FALSE,12
1,197,NA,FALSE,7
1,102,NA,FALSE,4
1,105,NA,FALSE,4
1,91,NA,FALSE,4
1,74,NA,FALSE,3
1,175,NA,FALSE,6
1,202,NA,FALSE,7
1,302,NA,FALSE,11
1,183,NA,FALSE,7
1,170,NA,FALSE,6
2,173,NA,FALSE,6
2,79,NA,FALSE,3
2,96,NA,FALSE,4
2,232,NA,FALSE,8
2,213,NA,FALSE,8
2,112,NA,FALSE,4
2,134,NA,FALSE,5
2,162,NA,FALSE,6
2,209,NA,FALSE,7
2,243,NA,TRUE,9
2,242,NA,FALSE,9
2,249,NA,FALSE,9
2,286,NA,FALSE,10
2,332,NA,FALSE,12
2,138,NA,FALSE,5
2,257,NA,FALSE,9
2,326,NA,FALSE,11
2,52,NA,FALSE,2
2,194,NA,FALSE,7
2,162,NA,FALSE,6
2,78,NA,FALSE,3
2,357,NA,FALSE,12
2,48,NA,FALSE,2
2,95,NA,FALSE,4
2,325,NA,FALSE,11
2,241,NA,FALSE,9
2,199,NA,FALSE,7
2,247,NA,FALSE,9
2,48,NA,FALSE,2
2,88,NA,FALSE,3
2,207,NA,FALSE,7
2,245,NA,FALSE,9
2,182,NA,FALSE,7
2,208,NA,FALSE,7
2,272,NA,FALSE,10
2,274,NA,FALSE,10
2,150,NA,FALSE,5
2,208,NA,FALSE,7
2,348,NA,FALSE,12
2,87,NA,FALSE,3
2,259,NA,FALSE,9
2,361,NA,FALSE,13
2,291,NA,FALSE,10
2,271,NA,FALSE,10
2,211,NA,FALSE,8
2,108,NA,FALSE,4
2,129,NA,FALSE,5
2,172,NA,FALSE,6
2,337,NA,FALSE,12
2,168,NA,FALSE,6
2,310,NA,FALSE,11
2,344,NA,TRUE,12
2,70,NA,FALSE,3
2,168,NA,FALSE,6
2,287,NA,FALSE,10
2,247,NA,FALSE,9
2,87,NA,FALSE,3
3,63,NA,FALSE,3
3,148,NA,FALSE,5
3,78,NA,FALSE,3
3,247,NA,FALSE,9
3,163,NA,FALSE,6
3,197,NA,FALSE,7
3,62,NA,FALSE,3
3,264,NA,FALSE,9
3,291,NA,FALSE,10
3,154,NA,FALSE,6
3,253,NA,FALSE,9
3,181,NA,FALSE,7
3,184,NA,FALSE,7
3,73,NA,FALSE,3
3,97,NA,TRUE,4
3,174,NA,FALSE,6
3,234,NA,FALSE,8
3,207,NA,FALSE,7
3,96,NA,FALSE,4
3,46,NA,FALSE,2
3,250,NA,FALSE,9
3,311,NA,FALSE,11
3,217,NA,FALSE,8
3,182,NA,FALSE,7
3,165,NA,FALSE,6
3,360,NA,FALSE,12
3,313,NA,FALSE,11
3,110,NA,FALSE,4
3,113,NA,FALSE,4
3,169,NA,FALSE,6
3,230,NA,FALSE,8
3,216,NA,FALSE,8
3,361,NA,FALSE,13
3,334,NA,FALSE,12
3,327,NA,FALSE,11
3,37,NA,FALSE,2
3,72,NA,FALSE,3
3,177,NA,FALSE,6
3,45,NA,FALSE,2
3,296,NA,FALSE,10
3,185,NA,FALSE,7
3,228,NA,FALSE,8
3,33,NA,FALSE,2
4,161,NA,FALSE,6
4,48,NA,FALSE,2
4,119,NA,FALSE,4
4,310,NA,FALSE,11
4,230,NA,FALSE,8
4,258,NA,FALSE,9
4,145,NA,FALSE,5
4,354,NA,FALSE,12
4,275,NA,FALSE,10
4,56,NA,FALSE,2
4,92,NA,FALSE,4
4,312,NA,FALSE,11
4,89,NA,FALSE,3
4,260,NA,FALSE,9
4,87,NA,FALSE,3
4,254,NA,FALSE,9
4,250,NA,FALSE,9
4,165,NA,FALSE,6
4,360,NA,FALSE,12
4,167,NA,FALSE,6
4,60,NA,FALSE,2
4,330,NA,FALSE,11
4,294,NA,FALSE,10
4,206,NA,FALSE,7
4,213,NA,FALSE,8
4,197,NA,FALSE,7
4,342,NA,FALSE,12
4,30,NA,FALSE,1
4,355,NA,FALSE,12
4,155,NA,TRUE,6
4,142,NA,FALSE,5
4,209,NA,FALSE,7
4,294,NA,FALSE,10
4,226,NA,FALSE,8
4,270,NA,FALSE,9
4,325,NA,FALSE,11
4,127,NA,FALSE,5
4,265,NA,FALSE,9
4,258,NA,FALSE,9
4,45,NA,FALSE,2
4,99,NA,FALSE,4
4,263,NA,FALSE,9
5,215,NA,FALSE,8
5,194,NA,FALSE,7
5,95,NA,FALSE,4
5,291,NA,FALSE,10
5,130,NA,FALSE,5
5,175,NA,FALSE,6
5,73,NA,TRUE,3
5,47,NA,FALSE,2
5,252,NA,FALSE,9
5,97,NA,FALSE,4
5,39,NA,FALSE,2
5,141,NA,FALSE,5
5,158,NA,FALSE,6
5,335,NA,FALSE,12
5,166,NA,FALSE,6
5,182,NA,FALSE,7
5,216,NA,FALSE,8
5,342,NA,FALSE,12
5,311,NA,FALSE,11
5,34,NA,FALSE,2
5,343,NA,FALSE,12
5,36,NA,FALSE,2
5,347,NA,FALSE,12
5,276,NA,FALSE,10
5,248,NA,FALSE,9
5,357,NA,FALSE,12
5,136,NA,FALSE,5
5,113,NA,FALSE,4
5,168,NA,FALSE,6
5,39,NA,FALSE,2
5,293,NA,FALSE,10
5,328,NA,FALSE,11
5,316,NA,FALSE,11
5,119,NA,FALSE,4
5,326,NA,FALSE,11
5,240,NA,FALSE,8
5,178,NA,FALSE,6
5,202,NA,FALSE,7
5,61,NA,FALSE,3
5,44,NA,FALSE,2
5,314,NA,FALSE,11
5,179,NA,FALSE,6
5,364,NA,FALSE,13
5,285,NA,FALSE,10
5,95,NA,FALSE,4
5,107,NA,FALSE,4
5,288,NA,FALSE,10
5,320,NA,FALSE,11
5,254,NA,FALSE,9
5,49,NA,FALSE,2
5,75,NA,TRUE,3
6,314,NA,FALSE,11
6,300,NA,FALSE,10
6,334,NA,FALSE,12
6,209,NA,FALSE,7
6,346,NA,FALSE,12
6,119,NA,FALSE,4
6,212,NA,FALSE,8
6,275,NA,FALSE,10
6,84,NA,FALSE,3
6,330,NA,FALSE,11
6,328,NA,FALSE,11
6,317,NA,FALSE,11
6,143,NA,FALSE,5
6,142,NA,FALSE,5
6,195,NA,FALSE,7
6,42,NA,FALSE,2
6,170,NA,FALSE,6
6,258,NA,FALSE,9
6,295,NA,TRUE,10
6,282,NA,FALSE,10
6,313,NA,FALSE,11
6,294,NA,FALSE,10
6,122,NA,FALSE,5
6,140,NA,FALSE,5
6,154,NA,FALSE,6
6,325,NA,FALSE,11
6,139,NA,FALSE,5
6,39,NA,FALSE,2
6,363,NA,FALSE,13
6,224,NA,FALSE,8
6,215,NA,FALSE,8
6,291,NA,FALSE,10
6,216,NA,FALSE,8
6,352,NA,FALSE,12
6,117,NA,FALSE,4
6,258,NA,FALSE,9
6,331,NA,FALSE,12
6,249,NA,FALSE,9
6,104,NA,FALSE,4
6,182,NA,FALSE,7
6,124,NA,FALSE,5
6,252,NA,FALSE,9
6,321,NA,FALSE,11
6,61,NA,FALSE,3
6,363,NA,FALSE,13
6,78,NA,FALSE,3
6,78,NA,FALSE,3
6,197,NA,FALSE,7
6,210,NA,FALSE,7
6,41,NA,FALSE,2
6,265,NA,FALSE,9
6,235,NA,FALSE,8
6,156,NA,FALSE,6
6,248,NA,FALSE,9
6,303,NA,FALSE,11
6,288,NA,FALSE,10
6,107,NA,FALSE,4
6,60,NA,FALSE,2
6,156,NA,FALSE,6
6,334,NA,FALSE,12
6,86,NA,FALSE,3
6,133,NA,FALSE,5
6,87,NA,FALSE,3
7,85,NA,FALSE,3
7,112,NA,FALSE,4
7,61,NA,FALSE,3
7,149,NA,FALSE,5
7,302,NA,FALSE,11
7,176,NA,FALSE,6
7,260,NA,FALSE,9
7,60,NA,FALSE,2
7,249,NA,FALSE,9
7,37,NA,FALSE,2
7,310,NA,FALSE,11
7,33,NA,FALSE,2
7,196,NA,FALSE,7
7,126,NA,FALSE,5
7,268,NA,FALSE,9
7,249,NA,FALSE,9
7,346,NA,FALSE,12
7,167,NA,FALSE,6
7,225,NA,FALSE,8
7,321,NA,FALSE,11
7,339,NA,FALSE,12
7,284,NA,FALSE,10
7,63,NA,FALSE,3
7,147,NA,FALSE,5
7,100,NA,FALSE,4
7,150,NA,FALSE,5
7,221,NA,FALSE,8
7,80,NA,FALSE,3
7,317,NA,FALSE,11
7,133,NA,FALSE,5
7,280,NA,FALSE,10
7,83,NA,FALSE,3
7,89,NA,FALSE,3
7,290,NA,FALSE,10
7,100,NA,FALSE,4
7,129,NA,TRUE,5
7,78,NA,FALSE,3
7,260,NA,FALSE,9
7,195,NA,FALSE,7
7,153,NA,FALSE,6
7,146,NA,FALSE,5
7,106,NA,FALSE,4
7,342,NA,FALSE,12
7,169,NA,FALSE,6
7,285,NA,FALSE,10
7,40,NA,FALSE,2
7,240,NA,FALSE,8
7,188,NA,FALSE,7
7,364,NA,FALSE,13
8,65,NA,FALSE,3
8,115,NA,FALSE,4
8,211,NA,FALSE,8
8,360,NA,FALSE,12
8,261,NA,FALSE,9
8,149,NA,FALSE,5
8,69,NA,FALSE,3
8,67,NA,FALSE,3
8,362,NA,FALSE,13
8,103,NA,FALSE,4
8,294,NA,FALSE,10
8,31,NA,FALSE,2
8,147,NA,FALSE,5
8,108,NA,FALSE,4
8,308,NA,FALSE,11
8,253,NA,FALSE,9
8,364,NA,FALSE,13
8,75,NA,FALSE,3
8,361,NA,FALSE,13
8,244,NA,FALSE,9
8,294,NA,FALSE,10
8,357,NA,FALSE,12
8,261,NA,FALSE,9
8,317,NA,FALSE,11
8,243,NA,FALSE,9
8,280,NA,TRUE,10
8,263,NA,FALSE,9
8,35,NA,FALSE,2
8,245,NA,FALSE,9
8,163,NA,FALSE,6
8,298,NA,FALSE,10
8,222,NA,FALSE,8
8,195,NA,FALSE,7
8,289,NA,FALSE,10
8,180,NA,FALSE,6
8,152,NA,FALSE,6
8,263,NA,FALSE,9
8,44,NA,FALSE,2
8,167,NA,FALSE,6
8,166,NA,FALSE,6
8,216,NA,FALSE,8
8,277,NA,FALSE,10
8,122,NA,FALSE,5
8,359,NA,FALSE,12
8,325,NA,FALSE,11
8,320,NA,FALSE,11
8,244,NA,FALSE,9
8,353,NA,FALSE,12
8,73,NA,FALSE,3
8,202,NA,FALSE,7
8,39,NA,FALSE,2
8,159,NA,TRUE,6
8,147,NA,FALSE,5
8,152,NA,FALSE,6
9,320,NA,FALSE,11
9,318,NA,FALSE,11
9,363,NA,FALSE,13
9,189,NA,FALSE,7
9,311,NA,FALSE,11
9,103,NA,FALSE,4
9,232,NA,FALSE,8
9,94,NA,FALSE,4
9,114,NA,FALSE,4
9,83,NA,FALSE,3
9,155,NA,FALSE,6
9,176,NA,TRUE,6
9,116,NA,FALSE,4
9,52,NA,FALSE,2
9,324,NA,FALSE,11
9,215,NA,FALSE,8
9,98,NA,FALSE,4
9,342,NA,FALSE,12
9,44,NA,FALSE,2
9,295,NA,FALSE,10
9,42,NA,FALSE,2
9,216,NA,FALSE,8
9,242,NA,FALSE,9
9,272,NA,FALSE,10
9,101,NA,FALSE,4
9,114,NA,FALSE,4
9,34,NA,FALSE,2
9,311,NA,FALSE,11
9,336,NA,FALSE,12
9,330,NA,FALSE,11
9,265,NA,FALSE,9
9,346,NA,FALSE,12
9,360,NA,FALSE,12
9,278,NA,FALSE,10
9,166,NA,FALSE,6
9,145,NA,FALSE,5
9,77,NA,FALSE,3
9,287,NA,FALSE,10
9,131,NA,FALSE,5
9,159,NA,FALSE,6
9,112,NA,FALSE,4
9,281,NA,FALSE,10
9,211,NA,FALSE,8
9,202,NA,FALSE,7
9,71,NA,FALSE,3
9,132,NA,FALSE,5
9,84,NA,FALSE,3
9,313,NA,FALSE,11
9,284,NA,FALSE,10
10,251,NA,FALSE,9
10,114,NA,FALSE,4
10,346,NA,FALSE,12
10,220,NA,FALSE,8
10,113,NA,FALSE,4
10,339,NA,FALSE,12
10,86,NA,FALSE,3
10,150,NA,FALSE,5
10,117,NA,FALSE,4
10,287,NA,FALSE,10
10,251,NA,FALSE,9
10,185,NA,FALSE,7
10,315,NA,FALSE,11
10,235,NA,FALSE,8
10,280,NA,FALSE,10
10,154,NA,FALSE,6
10,55,NA,FALSE,2
10,112,NA,FALSE,4
10,109,NA,FALSE,4
10,176,NA,FALSE,6
10,269,NA,FALSE,9
10,116,NA,FALSE,4
10,67,NA,FALSE,3
10,355,NA,FALSE,12
10,237,NA,FALSE,8
10,268,NA,TRUE,9
10,109,NA,FALSE,4
10,194,NA,FALSE,7
10,135,NA,FALSE,5
10,149,NA,TRUE,5
10,122,NA,FALSE,5
10,93,NA,FALSE,4
10,314,NA,FALSE,11
10,59,NA,FALSE,2
10,196,NA,FALSE,7
10,46,NA,FALSE,2
10,84,NA,FALSE,3
10,224,NA,FALSE,8
10,352,NA,FALSE,12
10,80,NA,FALSE,3
10,211,NA,FALSE,8
10,229,NA,FALSE,8
10,174,NA,FALSE,6
10,202,NA,TRUE,7
10,152,NA,FALSE,6
10,58,NA,FALSE,2
10,136,NA,FALSE,5
10,284,NA,FALSE,10
10,234,NA,FALSE,8
10,274,NA,FALSE,10
10,181,NA,FALSE,7
10,186,NA,FALSE,7
10,211,NA,FALSE,8
10,336,NA,FALSE,12
10,32,NA,FALSE,2
10,251,NA,FALSE,9
10,332,NA,FALSE,12
10,78,NA,FALSE,3
11,187,NA,FALSE,7
11,230,NA,FALSE,8
11,259,NA,FALSE,9
11,337,NA,FALSE,12
11,36,NA,FALSE,2
11,245,NA,FALSE,9
11,37,NA,FALSE,2
11,116,NA,FALSE,4
11,104,NA,FALSE,4
11,205,NA,FALSE,7
11,155,NA,FALSE,6
11,364,NA,FALSE,13
11,341,NA,FALSE,12
11,259,NA,FALSE,9
11,203,NA,FALSE,7
11,67,NA,FALSE,3
11,36,NA,FALSE,2
11,32,NA,FALSE,2
11,108,NA,FALSE,4
11,319,NA,FALSE,11
11,191,NA,TRUE,7
11,161,NA,FALSE,6
11,353,NA,FALSE,12
11,142,NA,FALSE,5
11,353,NA,FALSE,12
11,56,NA,FALSE,2
11,237,NA,FALSE,8
11,41,NA,FALSE,2
11,250,NA,FALSE,9
11,141,NA,TRUE,5
11,117,NA,FALSE,4
11,85,NA,FALSE,3
11,266,NA,FALSE,9
11,282,NA,FALSE,10
11,168,NA,FALSE,6
11,95,NA,FALSE,4
11,40,NA,FALSE,2
11,191,NA,FALSE,7
11,224,NA,FALSE,8
11,65,NA,FALSE,3
11,171,NA,FALSE,6
11,303,NA,FALSE,11
11,130,NA,FALSE,5
11,147,NA,FALSE,5
11,71,NA,FALSE,3
11,291,NA,FALSE,10
11,318,NA,FALSE,11
11,106,NA,FALSE,4
11,105,NA,FALSE,4
11,342,NA,FALSE,12
11,350,NA,FALSE,12
11,55,NA,FALSE,2
11,99,NA,FALSE,4
11,30,NA,FALSE,1
11,168,NA,FALSE,6
12,255,NA,FALSE,9
12,233,NA,FALSE,8
12,142,NA,FALSE,5
12,187,NA,FALSE,7
12,133,NA,FALSE,5
12,116,NA,FALSE,4
12,273,NA,FALSE,10
12,301,NA,FALSE,11
12,38,NA,FALSE,2
12,37,NA,FALSE,2
12,162,NA,FALSE,6
12,263,NA,FALSE,9
12,166,NA,FALSE,6
12,248,NA,FALSE,9
12,222,NA,FALSE,8
12,113,NA,FALSE,4
12,274,NA,FALSE,10
12,186,NA,FALSE,7
12,338,NA,FALSE,12
12,328,NA,FALSE,11
12,330,NA,FALSE,11
12,208,NA,FALSE,7
12,69,NA,FALSE,3
12,298,NA,FALSE,10
12,284,NA,FALSE,10
12,112,NA,FALSE,4
12,92,NA,FALSE,4
12,298,NA,FALSE,10
12,194,NA,TRUE,7
12,175,NA,FALSE,6
12,44,NA,FALSE,2
12,129,NA,FALSE,5
12,230,NA,FALSE,8
12,255,NA,FALSE,9
12,350,NA,FALSE,12
12,118,NA,FALSE,4
12,178,NA,FALSE,6
12,361,NA,FALSE,13
12,218,NA,FALSE,8
12,162,NA,FALSE,6
12,319,NA,FALSE,11
13,51,NA,FALSE,2
13,329,NA,FALSE,11
13,214,NA,FALSE,8
13,339,NA,FALSE,12
13,270,NA,FALSE,9
13,43,NA,FALSE,2
13,151,NA,FALSE,6
13,286,NA,FALSE,10
13,358,NA,FALSE,12
13,281,NA,FALSE,10
13,117,NA,FALSE,4
13,211,NA,FALSE,8
13,244,NA,FALSE,9
13,161,NA,FALSE,6
13,149,NA,FALSE,5
13,248,NA,FALSE,9
13,333,NA,FALSE,12
13,286,NA,FALSE,10
13,62,NA,FALSE,3
13,260,NA,FALSE,9
13,35,NA,FALSE,2
13,192,NA,FALSE,7
13,89,NA,FALSE,3
13,332,NA,FALSE,12
13,242,NA,FALSE,9
13,267,NA,FALSE,9
13,144,NA,FALSE,5
13,299,NA,TRUE,10
13,273,NA,FALSE,10
13,208,NA,FALSE,7
13,281,NA,FALSE,10
13,31,NA,FALSE,2
13,244,NA,FALSE,9
13,321,NA,FALSE,11
13,308,NA,FALSE,11
13,40,NA,FALSE,2
13,282,NA,FALSE,10
13,47,NA,FALSE,2
13,117,NA,FALSE,4
13,223,NA,FALSE,8
13,325,NA,FALSE,11
13,108,NA,FALSE,4
13,352,NA,FALSE,12
13,178,NA,FALSE,6
13,302,NA,FALSE,11
14,81,NA,FALSE,3
14,129,NA,FALSE,5
14,209,NA,FALSE,7
14,102,NA,FALSE,4
14,217,NA,FALSE,8
14,106,NA,FALSE,4
14,173,NA,FALSE,6
14,121,NA,FALSE,5
14,327,NA,FALSE,11
14,209,NA,FALSE,7
14,198,NA,FALSE,7
14,345,NA,FALSE,12
14,135,NA,FALSE,5
14,133,NA,FALSE,5
14,227,NA,FALSE,8
14,155,NA,FALSE,6
14,321,NA,FALSE,11
14,98,NA,FALSE,4
14,51,NA,FALSE,2
14,309,NA,FALSE,11
14,162,NA,FALSE,6
14,101,NA,FALSE,4
14,333,NA,FALSE,12
14,36,NA,FALSE,2
14,253,NA,FALSE,9
14,207,NA,FALSE,7
14,53,NA,FALSE,2
14,215,NA,FALSE,8
14,353,NA,FALSE,12
14,309,NA,FALSE,11
14,40,NA,FALSE,2
14,229,NA,FALSE,8
14,261,NA,FALSE,9
14,302,NA,FALSE,11
14,282,NA,FALSE,10
14,84,NA,FALSE,3
14,328,NA,FALSE,11
14,50,NA,FALSE,2
14,292,NA,FALSE,10
14,99,NA,FALSE,4
14,140,NA,FALSE,5
14,197,NA,FALSE,7
14,306,NA,FALSE,11
14,264,NA,FALSE,9
14,215,NA,FALSE,8
14,281,NA,FALSE,10
14,131,NA,FALSE,5
14,211,NA,FALSE,8
14,224,NA,FALSE,8
14,231,NA,FALSE,8
14,246,NA,FALSE,9
14,159,NA,FALSE,6
14,148,NA,FALSE,5
14,242,NA,FALSE,9
14,115,NA,FALSE,4
14,101,NA,FALSE,4
15,38,NA,FALSE,2
15,200,NA,FALSE,7
15,106,NA,FALSE,4
15,237,NA,FALSE,8
15,57,NA,FALSE,2
15,345,NA,FALSE,12
15,222,NA,FALSE,8
15,344,NA,FALSE,12
15,238,NA,FALSE,8
15,155,NA,FALSE,6
15,140,NA,FALSE,5
15,254,NA,FALSE,9
15,168,NA,FALSE,6
15,336,NA,FALSE,12
15,55,NA,FALSE,2
15,138,NA,FALSE,5
15,63,NA,FALSE,3
15,176,NA,FALSE,6
15,319,NA,FALSE,11
15,220,NA,FALSE,8
15,333,NA,FALSE,12
15,118,NA,FALSE,4
15,60,NA,FALSE,2
15,352,NA,FALSE,12
15,175,NA,FALSE,6
15,146,NA,FALSE,5
15,341,NA,FALSE,12
15,96,NA,FALSE,4
15,254,NA,FALSE,9
15,153,NA,FALSE,6
15,161,NA,FALSE,6
15,333,NA,TRUE,12
15,322,NA,FALSE,11
15,134,NA,FALSE,5
15,195,NA,FALSE,7
15,315,NA,FALSE,11
15,312,NA,FALSE,11
15,129,NA,FALSE,5
15,142,NA,FALSE,5
15,179,NA,FALSE,6
15,133,NA,FALSE,5
15,314,NA,FALSE,11
15,94,NA,FALSE,4
15,335,NA,FALSE,12
15,257,NA,FALSE,9
15,40,NA,FALSE,2
15,274,NA,FALSE,10
15,214,NA,FALSE,8
15,32,NA,FALSE,2
15,265,NA,FALSE,9
15,180,NA,FALSE,6
15,173,NA,FALSE,6
15,33,NA,FALSE,2
15,254,NA,FALSE,9
15,140,NA,FALSE,5
15,252,NA,FALSE,9
16,72,NA,FALSE,3
16,167,NA,FALSE,6
16,213,NA,FALSE,8
16,263,NA,FALSE,9
16,189,NA,FALSE,7
16,348,NA,FALSE,12
16,331,NA,FALSE,12
16,236,NA,FALSE,8
16,86,NA,FALSE,3
16,361,NA,FALSE,13
16,342,NA,FALSE,12
16,119,NA,FALSE,4
16,218,NA,FALSE,8
16,193,NA,FALSE,7
16,81,NA,FALSE,3
16,207,NA,FALSE,7
16,214,NA,FALSE,8
16,119,NA,FALSE,4
16,71,NA,FALSE,3
16,43,NA,FALSE,2
16,117,NA,FALSE,4
16,114,NA,FALSE,4
16,217,NA,FALSE,8
16,72,NA,FALSE,3
16,39,NA,FALSE,2
16,159,NA,FALSE,6
16,320,NA,FALSE,11
16,322,NA,FALSE,11
16,115,NA,FALSE,4
16,354,NA,FALSE,12
16,147,NA,FALSE,5
16,341,NA,FALSE,12
16,126,NA,FALSE,5
16,67,NA,FALSE,3
16,277,NA,FALSE,10
16,363,NA,FALSE,13
16,34,NA,FALSE,2
16,70,NA,FALSE,3
16,162,NA,FALSE,6
16,339,NA,FALSE,12
16,79,NA,TRUE,3
16,40,NA,FALSE,2
16,239,NA,FALSE,8
16,50,NA,FALSE,2
16,118,NA,FALSE,4
16,195,NA,FALSE,7
16,275,NA,FALSE,10
16,37,NA,FALSE,2
16,311,NA,TRUE,11
16,257,NA,FALSE,9
16,64,NA,FALSE,3
16,40,NA,FALSE,2
16,190,NA,FALSE,7
16,168,NA,FALSE,6
16,51,NA,FALSE,2
17,236,NA,FALSE,8
17,354,NA,FALSE,12
17,279,NA,FALSE,10
17,327,NA,FALSE,11
17,162,NA,FALSE,6
17,346,NA,FALSE,12
17,92,NA,FALSE,4
17,217,NA,FALSE,8
17,147,NA,FALSE,5
17,284,NA,FALSE,10
17,280,NA,FALSE,10
17,115,NA,FALSE,4
17,177,NA,FALSE,6
17,127,NA,FALSE,5
17,190,NA,FALSE,7
17,90,NA,FALSE,3
17,101,NA,FALSE,4
17,187,NA,FALSE,7
17,350,NA,FALSE,12
17,142,NA,FALSE,5
17,230,NA,FALSE,8
17,48,NA,FALSE,2
17,344,NA,FALSE,12
17,195,NA,FALSE,7
17,343,NA,FALSE,12
17,194,NA,FALSE,7
17,126,NA,FALSE,5
17,238,NA,FALSE,8
17,251,NA,FALSE,9
17,157,NA,FALSE,6
17,350,NA,FALSE,12
17,31,NA,FALSE,2
17,163,NA,FALSE,6
17,304,NA,FALSE,11
17,250,NA,FALSE,9
17,138,NA,FALSE,5
17,215,NA,FALSE,8
17,202,NA,FALSE,7
17,116,NA,FALSE,4
17,189,NA,FALSE,7
17,174,NA,FALSE,6
17,254,NA,FALSE,9
17,119,NA,FALSE,4
17,289,NA,FALSE,10
17,340,NA,FALSE,12
17,92,NA,FALSE,4
17,87,NA,FALSE,3
17,351,NA,FALSE,12
17,331,NA,FALSE,12
17,200,NA,FALSE,7
17,104,NA,FALSE,4
17,276,NA,FALSE,10
17,170,NA,FALSE,6
17,121,NA,FALSE,5
17,364,NA,FALSE,13
17,215,NA,FALSE,8
17,65,NA,FALSE,3
17,330,NA,FALSE,11
17,259,NA,FALSE,9
17,97,NA,FALSE,4
18,207,NA,FALSE,7
18,145,NA,FALSE,5
18,52,NA,FALSE,2
18,46,NA,FALSE,2
18,90,NA,FALSE,3
18,298,NA,FALSE,10
18,177,NA,FALSE,6
18,281,NA,FALSE,10
18,131,NA,FALSE,5
18,74,NA,FALSE,3
18,56,NA,FALSE,2
18,229,NA,FALSE,8
18,67,NA,FALSE,3
18,107,NA,FALSE,4
18,155,NA,FALSE,6
18,363,NA,FALSE,13
18,327,NA,FALSE,11
18,270,NA,FALSE,9
18,41,NA,FALSE,2
18,247,NA,FALSE,9
18,184,NA,FALSE,7
18,125,NA,FALSE,5
18,341,NA,FALSE,12
18,49,NA,FALSE,2
18,138,NA,FALSE,5
18,285,NA,FALSE,10
18,295,NA,FALSE,10
18,97,NA,FALSE,4
18,193,NA,FALSE,7
18,77,NA,FALSE,3
18,358,NA,FALSE,12
18,64,NA,FALSE,3
18,79,NA,FALSE,3
18,48,NA,FALSE,2
18,329,NA,FALSE,11
18,333,NA,FALSE,12
18,210,NA,FALSE,7
18,258,NA,FALSE,9
18,351,NA,FALSE,12
18,80,NA,FALSE,3
18,208,NA,FALSE,7
18,181,NA,FALSE,7
18,306,NA,FALSE,11
18,269,NA,FALSE,9
18,283,NA,FALSE,10
18,206,NA,FALSE,7
18,103,NA,FALSE,4
18,230,NA,FALSE,8
18,205,NA,FALSE,7
18,164,NA,FALSE,6
18,319,NA,FALSE,11
18,229,NA,FALSE,8
18,145,NA,FALSE,5
18,354,NA,FALSE,12
18,311,NA,FALSE,11
18,146,NA,FALSE,5
18,160,NA,FALSE,6
18,50,NA,FALSE,2
18,320,NA,FALSE,11
19,337,NA,FALSE,12
19,328,NA,TRUE,11
19,298,NA,FALSE,10
19,201,NA,FALSE,7
19,352,NA,FALSE,12
19,151,NA,FALSE,6
19,166,NA,FALSE,6
19,194,NA,FALSE,7
19,149,NA,FALSE,5
19,40,NA,FALSE,2
19,245,NA,FALSE,9
19,95,NA,FALSE,4
19,227,NA,FALSE,8
19,220,NA,FALSE,8
19,113,NA,FALSE,4
19,29,NA,FALSE,1
19,161,NA,FALSE,6
19,215,NA,FALSE,8
19,224,NA,FALSE,8
19,319,NA,FALSE,11
19,163,NA,FALSE,6
19,90,NA,FALSE,3
19,137,NA,FALSE,5
19,146,NA,FALSE,5
19,42,NA,FALSE,2
19,312,NA,FALSE,11
19,296,NA,FALSE,10
19,262,NA,FALSE,9
19,173,NA,FALSE,6
19,283,NA,FALSE,10
19,308,NA,FALSE,11
19,343,NA,FALSE,12
19,135,NA,FALSE,5
19,59,NA,FALSE,2
19,89,NA,FALSE,3
19,147,NA,FALSE,5
19,307,NA,FALSE,11
19,173,NA,FALSE,6
19,137,NA,FALSE,5
19,353,NA,FALSE,12
19,144,NA,FALSE,5
19,72,NA,FALSE,3
19,272,NA,FALSE,10
19,344,NA,FALSE,12
19,45,NA,FALSE,2
19,133,NA,FALSE,5
19,256,NA,FALSE,9
19,139,NA,FALSE,5
19,203,NA,FALSE,7
19,328,NA,FALSE,11
19,98,NA,FALSE,4
19,317,NA,FALSE,11
19,129,NA,FALSE,5
19,88,NA,FALSE,3
20,353,NA,FALSE,12
20,217,NA,FALSE,8
20,189,NA,FALSE,7
20,269,NA,FALSE,9
20,291,NA,FALSE,10
20,352,NA,FALSE,12
20,182,NA,FALSE,7
20,297,NA,FALSE,10
20,286,NA,FALSE,10
20,75,NA,FALSE,3
20,297,NA,FALSE,10
20,243,NA,FALSE,9
20,218,NA,FALSE,8
20,274,NA,FALSE,10
20,159,NA,FALSE,6
20,88,NA,FALSE,3
20,89,NA,FALSE,3
20,39,NA,FALSE,2
20,61,NA,TRUE,3
20,124,NA,FALSE,5
20,214,NA,FALSE,8
20,45,NA,FALSE,2
20,297,NA,FALSE,10
20,125,NA,FALSE,5
20,207,NA,FALSE,7
20,60,NA,FALSE,2
20,152,NA,FALSE,6
20,269,NA,FALSE,9
20,273,NA,FALSE,10
20,207,NA,FALSE,7
20,76,NA,FALSE,3
20,104,NA,FALSE,4
20,77,NA,FALSE,3
20,134,NA,FALSE,5
20,290,NA,FALSE,10
20,155,NA,FALSE,6
20,251,NA,FALSE,9
20,309,NA,FALSE,11
20,239,NA,FALSE,8
20,72,NA,FALSE,3
20,263,NA,FALSE,9
20,212,NA,FALSE,8
20,242,NA,FALSE,9
20,128,NA,FALSE,5
20,140,NA,FALSE,5
20,285,NA,FALSE,10
20,142,NA,FALSE,5
21,190,NA,FALSE,7
21,180,NA,FALSE,6
21,56,NA,FALSE,2
21,146,NA,FALSE,5
21,74,NA,FALSE,3
21,39,NA,FALSE,2
21,142,NA,FALSE,5
21,222,NA,FALSE,8
21,78,NA,FALSE,3
21,256,NA,FALSE,9
21,336,NA,FALSE,12
21,262,NA,FALSE,9
21,240,NA,FALSE,8
21,169,NA,FALSE,6
21,69,NA,FALSE,3
21,30,NA,FALSE,1
21,337,NA,FALSE,12
21,306,NA,FALSE,11
21,153,NA,FALSE,6
21,244,NA,FALSE,9
21,227,NA,FALSE,8
21,132,NA,FALSE,5
21,330,NA,FALSE,11
21,221,NA,FALSE,8
21,40,NA,FALSE,2
21,317,NA,FALSE,11
21,86,NA,FALSE,3
21,350,NA,FALSE,12
21,89,NA,FALSE,3
21,139,NA,FALSE,5
21,353,NA,FALSE,12
21,117,NA,FALSE,4
21,149,NA,FALSE,5
21,328,NA,FALSE,11
21,200,NA,FALSE,7
21,233,NA,FALSE,8
21,263,NA,FALSE,9
21,303,NA,FALSE,11
21,256,NA,FALSE,9
21,262,NA,FALSE,9
21,361,NA,FALSE,13
21,116,NA,FALSE,4
21,307,NA,FALSE,11
21,94,NA,FALSE,4
21,193,NA,FALSE,7
21,349,NA,FALSE,12
21,88,NA,FALSE,3
21,221,NA,FALSE,8
21,312,NA,FALSE,11
21,106,NA,FALSE,4
21,220,NA,FALSE,8
21,169,NA,FALSE,6
21,312,NA,FALSE,11
21,249,NA,FALSE,9
21,45,NA,FALSE,2
22,131,NA,FALSE,5
22,326,NA,FALSE,11
22,182,NA,FALSE,7
22,339,NA,FALSE,12
22,330,NA,FALSE,11
22,60,NA,FALSE,2
22,34,NA,FALSE,2
22,219,NA,FALSE,8
22,242,NA,FALSE,9
22,246,NA,FALSE,9
22,304,NA,FALSE,11
22,300,NA,FALSE,10
22,97,NA,FALSE,4
22,70,NA,FALSE,3
22,188,NA,FALSE,7
22,261,NA,FALSE,9
22,30,NA,FALSE,1
22,36,NA,FALSE,2
22,257,NA,FALSE,9
22,120,NA,FALSE,4
22,358,NA,FALSE,12
22,183,NA,FALSE,7
22,335,NA,FALSE,12
22,152,NA,FALSE,6
22,151,NA,FALSE,6
22,324,NA,FALSE,11
22,256,NA,FALSE,9
22,329,NA,FALSE,11
22,111,NA,FALSE,4
22,36,NA,FALSE,2
22,72,NA,TRUE,3
22,188,NA,FALSE,7
22,345,NA,FALSE,12
22,291,NA,FALSE,10
22,252,NA,FALSE,9
22,306,NA,FALSE,11
22,43,NA,FALSE,2
22,189,NA,FALSE,7
22,120,NA,FALSE,4
22,341,NA,FALSE,12
22,314,NA,FALSE,11
22,313,NA,FALSE,11
22,279,NA,FALSE,10
22,352,NA,FALSE,12
22,253,NA,FALSE,9
22,162,NA,FALSE,6
22,221,NA,FALSE,8
22,292,NA,FALSE,10
22,84,NA,FALSE,3
22,110,NA,FALSE,4
22,241,NA,FALSE,9
22,51,NA,FALSE,2
22,250,NA,FALSE,9
22,161,NA,FALSE,6
22,235,NA,FALSE,8
22,74,NA,FALSE,3
22,116,NA,TRUE,4
22,144,NA,FALSE,5
22,353,NA,FALSE,12
23,187,NA,FALSE,7
23,315,NA,FALSE,11
23,47,NA,FALSE,2
23,159,NA,TRUE,6
23,139,NA,FALSE,5
23,359,NA,FALSE,12
23,342,NA,FALSE,12
23,58,NA,FALSE,2
23,245,NA,FALSE,9
23,267,NA,FALSE,9
23,163,NA,FALSE,6
23,294,NA,FALSE,10
23,334,NA,FALSE,12
23,160,NA,FALSE,6
23,334,NA,FALSE,12
23,214,NA,FALSE,8
23,279,NA,FALSE,10
23,35,NA,FALSE,2
23,90,NA,FALSE,3
23,201,NA,FALSE,7
23,269,NA,FALSE,9
23,346,NA,FALSE,12
23,299,NA,FALSE,10
23,276,NA,FALSE,10
23,306,NA,FALSE,11
23,159,NA,FALSE,6
23,336,NA,FALSE,12
23,295,NA,FALSE,10
23,98,NA,FALSE,4
23,139,NA,FALSE,5
23,349,NA,FALSE,12
23,224,NA,FALSE,8
23,114,NA,FALSE,4
23,221,NA,FALSE,8
23,92,NA,FALSE,4
23,166,NA,FALSE,6
23,364,NA,FALSE,13
23,190,NA,FALSE,7
23,285,NA,FALSE,10
23,206,NA,FALSE,7
23,249,NA,FALSE,9
23,222,NA,TRUE,8
23,207,NA,FALSE,7
23,53,NA,FALSE,2
23,264,NA,FALSE,9
24,295,NA,FALSE,10
24,262,NA,FALSE,9
24,243,NA,FALSE,9
24,232,NA,FALSE,8
24,75,NA,FALSE,3
24,186,NA,FALSE,7
24,223,NA,FALSE,8
24,335,NA,FALSE,12
24,363,NA,FALSE,13
24,148,NA,TRUE,5
24,111,NA,FALSE,4
24,30,NA,FALSE,1
24,244,NA,FALSE,9
24,258,NA,FALSE,9
24,259,NA,FALSE,9
24,274,NA,FALSE,10
24,193,NA,FALSE,7
24,132,NA,FALSE,5
24,52,NA,FALSE,2
24,135,NA,FALSE,5
24,158,NA,FALSE,6
24,96,NA,FALSE,4
24,113,NA,FALSE,4
24,206,NA,FALSE,7
24,43,NA,FALSE,2
24,191,NA,FALSE,7
24,216,NA,FALSE,8
24,175,NA,FALSE,6
24,108,NA,FALSE,4
24,215,NA,FALSE,8
24,340,NA,FALSE,12
24,268,NA,FALSE,9
24,108,NA,FALSE,4
24,213,NA,FALSE,8
24,260,NA,FALSE,9
24,305,NA,FALSE,11
24,105,NA,FALSE,4
24,86,NA,FALSE,3
24,102,NA,FALSE,4
24,51,NA,FALSE,2
24,324,NA,FALSE,11
24,103,NA,FALSE,4
24,229,NA,FALSE,8
24,284,NA,FALSE,10
24,111,NA,FALSE,4
24,86,NA,FALSE,3
24,240,NA,FALSE,8
25,350,NA,FALSE,12
25,171,NA,FALSE,6
25,273,NA,FALSE,10
25,268,NA,FALSE,9
25,256,NA,FALSE,9
25,85,NA,FALSE,3
25,315,NA,FALSE,11
25,208,NA,FALSE,7
25,179,NA,FALSE,6
25,50,NA,FALSE,2
25,61,NA,FALSE,3
25,77,NA,FALSE,3
25,109,NA,FALSE,4
25,272,NA,FALSE,10
25,81,NA,FALSE,3
25,137,NA,FALSE,5
25,360,NA,FALSE,12
25,341,NA,FALSE,12
25,208,NA,FALSE,7
25,158,NA,FALSE,6
25,352,NA,FALSE,12
25,347,NA,FALSE,12
25,105,NA,FALSE,4
25,283,NA,FALSE,10
25,144,NA,FALSE,5
25,231,NA,FALSE,8
25,150,NA,FALSE,5
25,246,NA,FALSE,9
25,302,NA,FALSE,11
25,287,NA,FALSE,10
25,44,NA,FALSE,2
25,122,NA,FALSE,5
25,187,NA,FALSE,7
25,351,NA,FALSE,12
25,181,NA,FALSE,7
25,223,NA,FALSE,8
25,279,NA,FALSE,10
25,346,NA,FALSE,12
25,34,NA,FALSE,2
25,131,NA,FALSE,5
25,261,NA,FALSE,9
25,362,NA,FALSE,13
25,248,NA,FALSE,9
25,168,NA,FALSE,6
25,176,NA,FALSE,6
25,125,NA,FALSE,5
25,119,NA,FALSE,4
25,359,NA,FALSE,12
25,206,NA,FALSE,7
25,51,NA,FALSE,2
25,131,NA,FALSE,5
25,58,NA,FALSE,2
25,73,NA,FALSE,3
25,170,NA,FALSE,6
25,208,NA,FALSE,7
25,264,NA,FALSE,9
25,43,NA,FALSE,2
26,180,NA,FALSE,6
26,109,NA,FALSE,4
26,136,NA,FALSE,5
26,220,NA,FALSE,8
26,288,NA,FALSE,10
26,340,NA,FALSE,12
26,187,NA,FALSE,7
26,56,NA,FALSE,2
26,306,NA,FALSE,11
26,50,NA,FALSE,2
26,135,NA,FALSE,5
26,283,NA,FALSE,10
26,243,NA,FALSE,9
26,336,NA,FALSE,12
26,335,NA,FALSE,12
26,290,NA,FALSE,10
26,346,NA,FALSE,12
26,61,NA,FALSE,3
26,361,NA,FALSE,13
26,106,NA,FALSE,4
26,199,NA,FALSE,7
26,192,NA,FALSE,7
26,199,NA,FALSE,7
26,184,NA,FALSE,7
26,196,NA,FALSE,7
26,191,NA,TRUE,7
26,147,NA,FALSE,5
26,64,NA,FALSE,3
26,241,NA,FALSE,9
26,224,NA,FALSE,8
26,140,NA,FALSE,5
26,288,NA,FALSE,10
26,74,NA,FALSE,3
26,273,NA,FALSE,10
26,57,NA,FALSE,2
26,71,NA,FALSE,3
26,234,NA,FALSE,8
26,48,NA,FALSE,2
26,84,NA,FALSE,3
26,87,NA,FALSE,3
26,276,NA,FALSE,10
26,330,NA,FALSE,11
26,77,NA,FALSE,3
26,312,NA,FALSE,11
26,42,NA,FALSE,2
26,169,NA,FALSE,6
26,159,NA,FALSE,6
26,227,NA,FALSE,8
26,103,NA,FALSE,4
26,251,NA,FALSE,9
26,125,NA,FALSE,5
26,41,NA,FALSE,2
26,190,NA,FALSE,7
26,294,NA,TRUE,10
26,275,NA,FALSE,10
27,156,NA,FALSE,6
27,333,NA,FALSE,12
27,302,NA,FALSE,11
27,315,NA,TRUE,11
27,305,NA,FALSE,11
27,47,NA,FALSE,2
27,156,NA,FALSE,6
27,219,NA,FALSE,8
27,128,NA,FALSE,5
27,87,NA,FALSE,3
27,203,NA,FALSE,7
27,180,NA,FALSE,6
27,296,NA,FALSE,10
27,229,NA,FALSE,8
27,132,NA,FALSE,5
27,311,NA,FALSE,11
27,340,NA,FALSE,12
27,289,NA,FALSE,10
27,111,NA,FALSE,4
27,298,NA,FALSE,10
27,177,NA,FALSE,6
27,112,NA,FALSE,4
27,292,NA,FALSE,10
27,84,NA,FALSE,3
27,61,NA,FALSE,3
27,263,NA,FALSE,9
27,169,NA,FALSE,6
27,35,NA,FALSE,2
27,151,NA,FALSE,6
27,281,NA,FALSE,10
27,202,NA,TRUE,7
27,168,NA,FALSE,6
27,158,NA,FALSE,6
27,140,NA,FALSE,5
27,307,NA,FALSE,11
27,85,NA,FALSE,3
27,331,NA,FALSE,12
27,328,NA,FALSE,11
27,60,NA,FALSE,2
27,157,NA,FALSE,6
27,160,NA,FALSE,6
27,326,NA,FALSE,11
27,150,NA,FALSE,5
27,220,NA,FALSE,8
27,94,NA,FALSE,4
27,132,NA,FALSE,5
27,30,NA,FALSE,1
27,219,NA,FALSE,8
27,267,NA,FALSE,9
27,131,NA,FALSE,5
27,47,NA,FALSE,2
27,140,NA,FALSE,5
27,320,NA,FALSE,11
27,108,NA,FALSE,4
27,50,NA,FALSE,2
27,156,NA,FALSE,6
27,95,NA,FALSE,4
27,103,NA,FALSE,4
27,275,NA,FALSE,10
28,332,NA,FALSE,12
28,320,NA,FALSE,11
28,175,NA,FALSE,6
28,204,NA,FALSE,7
28,117,NA,FALSE,4
28,94,NA,FALSE,4
28,145,NA,FALSE,5
28,293,NA,FALSE,10
28,102,NA,FALSE,4
28,322,NA,FALSE,11
28,244,NA,FALSE,9
28,96,NA,FALSE,4
28,104,NA,FALSE,4
28,283,NA,FALSE,10
28,152,NA,FALSE,6
28,123,NA,FALSE,5
28,83,NA,FALSE,3
28,130,NA,TRUE,5
28,100,NA,FALSE,4
28,52,NA,FALSE,2
28,233,NA,FALSE,8
28,89,NA,FALSE,3
28,119,NA,FALSE,4
28,286,NA,FALSE,10
28,144,NA,FALSE,5
28,46,NA,FALSE,2
28,326,NA,FALSE,11
28,83,NA,FALSE,3
28,239,NA,FALSE,8
28,160,NA,FALSE,6
28,154,NA,FALSE,6
28,187,NA,FALSE,7
28,172,NA,FALSE,6
28,324,NA,FALSE,11
28,210,NA,FALSE,7
28,302,NA,FALSE,11
28,108,NA,FALSE,4
28,185,NA,FALSE,7
28,279,NA,FALSE,10
28,362,NA,FALSE,13
28,72,NA,FALSE,3
28,150,NA,FALSE,5
28,52,NA,FALSE,2
28,332,NA,FALSE,12
28,326,NA,FALSE,11
28,211,NA,FALSE,8
28,132,NA,FALSE,5
28,258,NA,FALSE,9
28,74,NA,FALSE,3
28,42,NA,FALSE,2
28,296,NA,FALSE,10
28,156,NA,FALSE,6
28,299,NA,FALSE,10
28,88,NA,FALSE,3
28,352,NA,FALSE,12
28,62,NA,FALSE,3
28,66,NA,FALSE,3
28,278,NA,FALSE,10
28,146,NA,FALSE,5
29,112,NA,FALSE,4
29,282,NA,FALSE,10
29,125,NA,FALSE,5
29,58,NA,FALSE,2
29,204,NA,FALSE,7
29,30,NA,FALSE,1
29,137,NA,FALSE,5
29,120,NA,FALSE,4
29,137,NA,FALSE,5
29,301,NA,FALSE,11
29,217,NA,FALSE,8
29,83,NA,FALSE,3
29,311,NA,FALSE,11
29,325,NA,TRUE,11
29,216,NA,FALSE,8
29,149,NA,FALSE,5
29,232,NA,FALSE,8
29,61,NA,FALSE,3
29,294,NA,FALSE,10
29,281,NA,FALSE,10
29,38,NA,FALSE,2
29,72,NA,TRUE,3
29,166,NA,FALSE,6
29,36,NA,FALSE,2
29,334,NA,FALSE,12
29,320,NA,TRUE,11
29,311,NA,FALSE,11
29,141,NA,FALSE,5
29,314,NA,FALSE,11
29,89,NA,FALSE,3
29,176,NA,FALSE,6
29,305,NA,FALSE,11
29,121,NA,FALSE,5
29,241,NA,FALSE,9
29,271,NA,TRUE,10
29,298,NA,FALSE,10
29,287,NA,FALSE,10
29,284,NA,FALSE,10
29,203,NA,FALSE,7
29,208,NA,FALSE,7
29,272,NA,FALSE,10
29,67,NA,FALSE,3
29,307,NA,FALSE,11
29,57,NA,FALSE,2
29,260,NA,FALSE,9
29,198,NA,FALSE,7
29,305,NA,FALSE,11
29,292,NA,FALSE,10
30,111,NA,FALSE,4
30,246,NA,FALSE,9
30,359,NA,FALSE,12
30,54,NA,FALSE,2
30,359,NA,FALSE,12
30,128,NA,FALSE,5
30,50,NA,FALSE,2
30,116,NA,FALSE,4
30,42,NA,FALSE,2
30,158,NA,FALSE,6
30,204,NA,FALSE,7
30,140,NA,FALSE,5
30,39,NA,FALSE,2
30,134,NA,FALSE,5
30,47,NA,FALSE,2
30,336,NA,FALSE,12
30,329,NA,FALSE,11
30,242,NA,FALSE,9
30,59,NA,FALSE,2
30,321,NA,FALSE,11
30,51,NA,FALSE,2
30,297,NA,FALSE,10
30,90,NA,FALSE,3
30,224,NA,FALSE,8
30,144,NA,FALSE,5
30,193,NA,FALSE,7
30,90,NA,FALSE,3
30,167,NA,FALSE,6
30,256,NA,FALSE,9
30,284,NA,FALSE,10
30,356,NA,TRUE,12
30,323,NA,FALSE,11
30,206,NA,FALSE,7
30,185,NA,FALSE,7
30,233,NA,FALSE,8
30,285,NA,FALSE,10
30,287,NA,FALSE,10
30,49,NA,FALSE,2
30,66,NA,FALSE,3
30,100,NA,FALSE,4
30,353,NA,FALSE,12
30,60,NA,FALSE,2
31,220,NA,FALSE,8
31,218,NA,FALSE,8
31,344,NA,FALSE,12
31,173,NA,FALSE,6
31,291,NA,FALSE,10
31,82,NA,FALSE,3
31,126,NA,FALSE,5
31,100,NA,FALSE,4
31,283,NA,FALSE,10
31,49,NA,FALSE,2
31,181,NA,FALSE,7
31,314,NA,FALSE,11
31,357,NA,FALSE,12
31,87,NA,FALSE,3
31,156,NA,TRUE,6
31,127,NA,FALSE,5
31,255,NA,FALSE,9
31,58,NA,FALSE,2
31,63,NA,FALSE,3
31,163,NA,FALSE,6
31,111,NA,FALSE,4
31,214,NA,FALSE,8
31,204,NA,FALSE,7
31,197,NA,FALSE,7
31,304,NA,FALSE,11
31,61,NA,FALSE,3
31,185,NA,FALSE,7
31,242,NA,FALSE,9
31,260,NA,TRUE,9
31,144,NA,FALSE,5
31,268,NA,FALSE,9
31,298,NA,TRUE,10
31,124,NA,FALSE,5
31,258,NA,FALSE,9
31,206,NA,FALSE,7
31,279,NA,FALSE,10
31,41,NA,FALSE,2
31,45,NA,FALSE,2
31,233,NA,FALSE,8
31,360,NA,FALSE,12
31,122,NA,FALSE,5
31,363,NA,FALSE,13
31,304,NA,FALSE,11
31,148,NA,FALSE,5
31,218,NA,FALSE,8
31,272,NA,FALSE,10
31,209,NA,FALSE,7
31,256,NA,FALSE,9
31,68,NA,FALSE,3
31,203,NA,FALSE,7
32,246,NA,FALSE,9
32,269,NA,TRUE,9
32,192,NA,FALSE,7
32,108,NA,FALSE,4
32,303,NA,FALSE,11
32,308,NA,FALSE,11
32,329,NA,FALSE,11
32,110,NA,FALSE,4
32,336,NA,FALSE,12
32,78,NA,FALSE,3
32,183,NA,FALSE,7
32,329,NA,FALSE,11
32,360,NA,FALSE,12
32,290,NA,FALSE,10
32,54,NA,FALSE,2
32,191,NA,FALSE,7
32,233,NA,FALSE,8
32,97,NA,FALSE,4
32,89,NA,FALSE,3
32,174,NA,FALSE,6
32,251,NA,FALSE,9
32,224,NA,FALSE,8
32,146,NA,FALSE,5
32,242,NA,FALSE,9
32,284,NA,FALSE,10
32,32,NA,FALSE,2
32,197,NA,FALSE,7
32,53,NA,FALSE,2
32,209,NA,FALSE,7
32,242,NA,FALSE,9
32,254,NA,FALSE,9
32,121,NA,FALSE,5
32,344,NA,FALSE,12
32,90,NA,FALSE,3
32,252,NA,FALSE,9
32,210,NA,FALSE,7
32,246,NA,FALSE,9
32,293,NA,FALSE,10
32,180,NA,FALSE,6
32,120,NA,FALSE,4
32,106,NA,FALSE,4
32,38,NA,FALSE,2
32,181,NA,FALSE,7
32,59,NA,FALSE,2
32,237,NA,FALSE,8
32,206,NA,FALSE,7
32,341,NA,FALSE,12
32,69,NA,FALSE,3
32,119,NA,FALSE,4
32,68,NA,FALSE,3
32,239,NA,FALSE,8
32,97,NA,FALSE,4
33,307,NA,FALSE,11
33,255,NA,FALSE,9
33,77,NA,FALSE,3
33,316,NA,FALSE,11
33,48,NA,FALSE,2
33,260,NA,FALSE,9
33,72,NA,FALSE,3
33,205,NA,FALSE,7
33,106,NA,FALSE,4
33,84,NA,FALSE,3
33,232,NA,FALSE,8
33,273,NA,FALSE,10
33,245,NA,FALSE,9
33,109,NA,FALSE,4
33,178,NA,FALSE,6
33,210,NA,FALSE,7
33,131,NA,FALSE,5
33,147,NA,TRUE,5
33,106,NA,FALSE,4
33,87,NA,FALSE,3
33,49,NA,FALSE,2
33,185,NA,FALSE,7
33,98,NA,FALSE,4
33,119,NA,TRUE,4
33,204,NA,FALSE,7
33,347,NA,FALSE,12
33,330,NA,FALSE,11
33,120,NA,FALSE,4
33,59,NA,FALSE,2
33,294,NA,FALSE,10
33,144,NA,FALSE,5
33,193,NA,FALSE,7
33,209,NA,FALSE,7
33,192,NA,FALSE,7
33,318,NA,FALSE,11
33,159,NA,FALSE,6
33,219,NA,FALSE,8
33,267,NA,FALSE,9
33,333,NA,FALSE,12
33,217,NA,FALSE,8
33,29,NA,FALSE,1
33,33,NA,FALSE,2
33,42,NA,TRUE,2
33,305,NA,FALSE,11
33,278,NA,FALSE,10
33,361,NA,FALSE,13
33,356,NA,FALSE,12
33,125,NA,FALSE,5
33,190,NA,FALSE,7
33,323,NA,FALSE,11
33,183,NA,FALSE,7
33,301,NA,FALSE,11
33,205,NA,FALSE,7
33,193,NA,FALSE,7
33,293,NA,FALSE,10
33,206,NA,FALSE,7
34,261,NA,FALSE,9
34,76,NA,FALSE,3
34,265,NA,FALSE,9
34,81,NA,FALSE,3
34,195,NA,FALSE,7
34,328,NA,FALSE,11
34,62,NA,FALSE,3
34,85,NA,FALSE,3
34,159,NA,FALSE,6
34,281,NA,FALSE,10
34,310,NA,FALSE,11
34,66,NA,FALSE,3
34,168,NA,FALSE,6
34,278,NA,FALSE,10
34,79,NA,FALSE,3
34,261,NA,FALSE,9
34,192,NA,FALSE,7
34,218,NA,FALSE,8
34,80,NA,FALSE,3
34,288,NA,FALSE,10
34,269,NA,FALSE,9
34,319,NA,FALSE,11
34,265,NA,FALSE,9
34,254,NA,FALSE,9
34,119,NA,FALSE,4
34,240,NA,FALSE,8
34,118,NA,FALSE,4
34,256,NA,FALSE,9
34,328,NA,FALSE,11
34,216,NA,FALSE,8
34,222,NA,FALSE,8
34,32,NA,FALSE,2
34,123,NA,FALSE,5
34,201,NA,FALSE,7
34,357,NA,FALSE,12
34,57,NA,FALSE,2
34,199,NA,FALSE,7
34,327,NA,FALSE,11
34,42,NA,FALSE,2
34,120,NA,FALSE,4
34,181,NA,FALSE,7
34,265,NA,FALSE,9
34,185,NA,FALSE,7
34,331,NA,TRUE,12
34,320,NA,FALSE,11
34,305,NA,FALSE,11
34,250,NA,FALSE,9
34,170,NA,FALSE,6
34,171,NA,FALSE,6
34,73,NA,FALSE,3
34,102,NA,FALSE,4
34,200,NA,FALSE,7
34,275,NA,FALSE,10
34,259,NA,FALSE,9
34,317,NA,FALSE,11
34,177,NA,FALSE,6
34,275,NA,FALSE,10
34,31,NA,FALSE,2
34,275,NA,FALSE,10
34,329,NA,FALSE,11
34,59,NA,FALSE,2
34,102,NA,FALSE,4
34,362,NA,FALSE,13
34,59,NA,FALSE,2
34,38,NA,FALSE,2
34,161,NA,FALSE,6
35,141,NA,FALSE,5
35,54,NA,FALSE,2
35,256,NA,FALSE,9
35,106,NA,FALSE,4
35,207,NA,FALSE,7
35,288,NA,FALSE,10
35,196,NA,FALSE,7
35,137,NA,FALSE,5
35,170,NA,FALSE,6
35,201,NA,FALSE,7
35,134,NA,FALSE,5
35,132,NA,FALSE,5
35,47,NA,FALSE,2
35,316,NA,FALSE,11
35,353,NA,FALSE,12
35,105,NA,FALSE,4
35,361,NA,FALSE,13
35,106,NA,FALSE,4
35,108,NA,FALSE,4
35,214,NA,FALSE,8
35,250,NA,FALSE,9
35,99,NA,FALSE,4
35,123,NA,FALSE,5
35,338,NA,FALSE,12
35,269,NA,FALSE,9
35,340,NA,FALSE,12
35,221,NA,FALSE,8
35,151,NA,FALSE,6
35,265,NA,FALSE,9
35,267,NA,FALSE,9
35,92,NA,FALSE,4
35,53,NA,FALSE,2
35,350,NA,FALSE,12
35,201,NA,FALSE,7
35,139,NA,FALSE,5
35,156,NA,TRUE,6
35,68,NA,FALSE,3
35,175,NA,FALSE,6
35,74,NA,FALSE,3
35,43,NA,FALSE,2
35,154,NA,FALSE,6
35,222,NA,FALSE,8
35,202,NA,FALSE,7
35,204,NA,FALSE,7
35,326,NA,FALSE,11
35,207,NA,FALSE,7
35,315,NA,FALSE,11
35,63,NA,FALSE,3
35,46,NA,FALSE,2
35,162,NA,FALSE,6
35,185,NA,FALSE,7
36,191,NA,FALSE,7
36,67,NA,FALSE,3
36,292,NA,FALSE,10
36,81,NA,FALSE,3
36,97,NA,FALSE,4
36,193,NA,FALSE,7
36,143,NA,FALSE,5
36,119,NA,FALSE,4
36,218,NA,FALSE,8
36,106,NA,TRUE,4
36,87,NA,FALSE,3
36,144,NA,TRUE,5
36,182,NA,FALSE,7
36,278,NA,FALSE,10
36,68,NA,FALSE,3
36,31,NA,FALSE,2
36,287,NA,FALSE,10
36,61,NA,FALSE,3
36,150,NA,FALSE,5
36,264,NA,FALSE,9
36,80,NA,FALSE,3
36,111,NA,TRUE,4
36,334,NA,FALSE,12
36,291,NA,FALSE,10
36,74,NA,FALSE,3
36,146,NA,FALSE,5
36,182,NA,FALSE,7
36,217,NA,FALSE,8
36,349,NA,FALSE,12
36,309,NA,FALSE,11
36,332,NA,FALSE,12
36,229,NA,FALSE,8
36,53,NA,FALSE,2
36,309,NA,FALSE,11
36,168,NA,FALSE,6
36,313,NA,FALSE,11
36,183,NA,FALSE,7
36,314,NA,FALSE,11
36,270,NA,FALSE,9
36,353,NA,FALSE,12
36,219,NA,FALSE,8
36,189,NA,FALSE,7
36,317,NA,FALSE,11
36,267,NA,FALSE,9
36,243,NA,FALSE,9
36,256,NA,FALSE,9
36,55,NA,FALSE,2
36,239,NA,FALSE,8
37,236,NA,FALSE,8
37,105,NA,FALSE,4
37,128,NA,TRUE,5
37,125,NA,FALSE,5
37,136,NA,FALSE,5
37,231,NA,FALSE,8
37,62,NA,FALSE,3
37,136,NA,FALSE,5
37,185,NA,FALSE,7
37,215,NA,FALSE,8
37,76,NA,FALSE,3
37,258,NA,FALSE,9
37,293,NA,FALSE,10
37,137,NA,FALSE,5
37,197,NA,FALSE,7
37,192,NA,FALSE,7
37,29,NA,FALSE,1
37,332,NA,FALSE,12
37,98,NA,FALSE,4
37,232,NA,FALSE,8
37,78,NA,FALSE,3
37,102,NA,FALSE,4
37,121,NA,TRUE,5
37,179,NA,FALSE,6
37,198,NA,TRUE,7
37,128,NA,FALSE,5
37,231,NA,FALSE,8
37,61,NA,FALSE,3
37,290,NA,FALSE,10
37,136,NA,FALSE,5
37,116,NA,FALSE,4
37,263,NA,FALSE,9
37,279,NA,FALSE,10
37,256,NA,FALSE,9
37,209,NA,FALSE,7
37,157,NA,FALSE,6
37,69,NA,FALSE,3
37,74,NA,FALSE,3
37,79,NA,FALSE,3
37,265,NA,FALSE,9
37,79,NA,FALSE,3
37,143,NA,FALSE,5
37,130,NA,FALSE,5
37,287,NA,FALSE,10
37,193,NA,FALSE,7
37,129,NA,FALSE,5
37,225,NA,FALSE,8
37,271,NA,FALSE,10
37,359,NA,FALSE,12
37,253,NA,FALSE,9
37,45,NA,FALSE,2
38,327,NA,FALSE,11
38,236,NA,FALSE,8
38,197,NA,TRUE,7
38,182,NA,FALSE,7
38,159,NA,FALSE,6
38,172,NA,FALSE,6
38,90,NA,FALSE,3
38,311,NA,FALSE,11
38,157,NA,FALSE,6
38,92,NA,FALSE,4
38,129,NA,FALSE,5
38,313,NA,FALSE,11
38,104,NA,FALSE,4
38,52,NA,FALSE,2
38,40,NA,FALSE,2
38,42,NA,FALSE,2
38,121,NA,FALSE,5
38,265,NA,FALSE,9
38,109,NA,FALSE,4
38,242,NA,FALSE,9
38,355,NA,FALSE,12
38,142,NA,FALSE,5
38,177,NA,FALSE,6
38,123,NA,FALSE,5
38,66,NA,FALSE,3
38,70,NA,FALSE,3
38,194,NA,FALSE,7
38,209,NA,FALSE,7
38,303,NA,FALSE,11
38,31,NA,FALSE,2
38,113,NA,TRUE,4
38,91,NA,FALSE,4
38,82,NA,FALSE,3
38,111,NA,FALSE,4
38,257,NA,FALSE,9
38,283,NA,FALSE,10
38,181,NA,FALSE,7
38,90,NA,FALSE,3
38,48,NA,FALSE,2
38,264,NA,FALSE,9
38,73,NA,FALSE,3
38,47,NA,FALSE,2
38,229,NA,FALSE,8
38,73,NA,FALSE,3
38,100,NA,FALSE,4
38,349,NA,FALSE,12
38,312,NA,FALSE,11
38,154,NA,FALSE,6
38,203,NA,FALSE,7
39,210,NA,FALSE,7
39,193,NA,FALSE,7
39,112,NA,FALSE,4
39,153,NA,FALSE,6
39,66,NA,FALSE,3
39,188,NA,FALSE,7
39,312,NA,FALSE,11
39,194,NA,FALSE,7
39,47,NA,FALSE,2
39,149,NA,FALSE,5
39,157,NA,FALSE,6
39,50,NA,FALSE,2
39,152,NA,FALSE,6
39,289,NA,FALSE,10
39,179,NA,FALSE,6
39,180,NA,FALSE,6
39,361,NA,FALSE,13
39,47,NA,FALSE,2
39,287,NA,FALSE,10
39,134,NA,FALSE,5
39,232,NA,FALSE,8
39,229,NA,FALSE,8
39,48,NA,FALSE,2
39,297,NA,FALSE,10
39,76,NA,FALSE,3
39,319,NA,FALSE,11
39,242,NA,FALSE,9
39,110,NA,FALSE,4
39,356,NA,FALSE,12
39,235,NA,FALSE,8
39,250,NA,FALSE,9
39,131,NA,FALSE,5
39,250,NA,FALSE,9
39,343,NA,FALSE,12
39,140,NA,TRUE,5
39,124,NA,FALSE,5
39,119,NA,FALSE,4
39,332,NA,FALSE,12
39,357,NA,FALSE,12
39,72,NA,FALSE,3
39,187,NA,FALSE,7
39,314,NA,FALSE,11
39,158,NA,FALSE,6
39,190,NA,FALSE,7
39,216,NA,FALSE,8
40,317,NA,FALSE,11
40,47,NA,FALSE,2
40,308,NA,FALSE,11
40,212,NA,FALSE,8
40,40,NA,FALSE,2
40,92,NA,FALSE,4
40,250,NA,FALSE,9
40,114,NA,FALSE,4
40,45,NA,FALSE,2
40,266,NA,FALSE,9
40,248,NA,FALSE,9
40,100,NA,FALSE,4
40,54,NA,FALSE,2
40,198,NA,FALSE,7
40,210,NA,FALSE,7
40,318,NA,FALSE,11
40,33,NA,FALSE,2
40,66,NA,FALSE,3
40,319,NA,FALSE,11
40,36,NA,FALSE,2
40,238,NA,TRUE,8
40,210,NA,FALSE,7
40,307,NA,FALSE,11
40,106,NA,FALSE,4
40,60,NA,FALSE,2
40,103,NA,TRUE,4
40,137,NA,FALSE,5
40,76,NA,FALSE,3
40,357,NA,FALSE,12
40,344,NA,FALSE,12
40,357,NA,FALSE,12
40,253,NA,FALSE,9
40,32,NA,FALSE,2
40,222,NA,FALSE,8
40,356,NA,FALSE,12
40,126,NA,FALSE,5
40,282,NA,FALSE,10
40,343,NA,FALSE,12
40,35,NA,FALSE,2
40,354,NA,FALSE,12
40,125,NA,FALSE,5
40,69,NA,FALSE,3
40,244,NA,FALSE,9
40,118,NA,FALSE,4
40,236,NA,FALSE,8
40,142,NA,FALSE,5
40,342,NA,FALSE,12
40,150,NA,FALSE,5
40,83,NA,FALSE,3
40,240,NA,FALSE,8
40,355,NA,FALSE,12
40,227,NA,FALSE,8
40,158,NA,FALSE,6
40,331,NA,FALSE,12
40,163,NA,FALSE,6
40,204,NA,FALSE,7
41,129,NA,FALSE,5
41,53,NA,FALSE,2
41,94,NA,FALSE,4
41,259,NA,FALSE,9
41,167,NA,FALSE,6
41,170,NA,FALSE,6
41,172,NA,FALSE,6
41,76,NA,FALSE,3
41,294,NA,FALSE,10
41,217,NA,FALSE,8
41,239,NA,TRUE,8
41,154,NA,FALSE,6
41,271,NA,FALSE,10
41,218,NA,FALSE,8
41,94,NA,FALSE,4
41,307,NA,FALSE,11
41,284,NA,FALSE,10
41,178,NA,FALSE,6
41,105,NA,FALSE,4
41,134,NA,FALSE,5
41,216,NA,FALSE,8
41,268,NA,FALSE,9
41,205,NA,FALSE,7
41,293,NA,FALSE,10
41,58,NA,TRUE,2
41,38,NA,FALSE,2
41,259,NA,FALSE,9
41,175,NA,FALSE,6
41,93,NA,FALSE,4
41,257,NA,FALSE,9
41,71,NA,FALSE,3
41,287,NA,FALSE,10
41,67,NA,FALSE,3
41,132,NA,FALSE,5
41,283,NA,FALSE,10
41,120,NA,FALSE,4
41,57,NA,FALSE,2
41,95,NA,FALSE,4
41,161,NA,FALSE,6
41,151,NA,FALSE,6
41,117,NA,FALSE,4
41,41,NA,FALSE,2
41,339,NA,FALSE,12
41,72,NA,FALSE,3
41,308,NA,FALSE,11
41,80,NA,FALSE,3
41,269,NA,FALSE,9
41,230,NA,FALSE,8
41,144,NA,FALSE,5
41,201,NA,FALSE,7
41,260,NA,FALSE,9
41,278,NA,FALSE,10
41,31,NA,FALSE,2
41,213,NA,FALSE,8
41,319,NA,FALSE,11
41,149,NA,FALSE,5
41,341,NA,FALSE,12
41,240,NA,FALSE,8
41,262,NA,TRUE,9
41,125,NA,FALSE,5
41,268,NA,FALSE,9
41,55,NA,FALSE,2
41,222,NA,FALSE,8
41,188,NA,FALSE,7
42,115,NA,FALSE,4
42,47,NA,FALSE,2
42,232,NA,FALSE,8
42,36,NA,FALSE,2
42,323,NA,FALSE,11
42,193,NA,FALSE,7
42,66,NA,FALSE,3
42,218,NA,FALSE,8
42,157,NA,FALSE,6
42,250,NA,FALSE,9
42,32,NA,FALSE,2
42,279,NA,FALSE,10
42,253,NA,FALSE,9
42,270,NA,FALSE,9
42,146,NA,FALSE,5
42,112,NA,FALSE,4
42,225,NA,TRUE,8
42,228,NA,TRUE,8
42,188,NA,FALSE,7
42,328,NA,FALSE,11
42,346,NA,FALSE,12
42,308,NA,FALSE,11
42,63,NA,FALSE,3
42,307,NA,FALSE,11
42,262,NA,FALSE,9
42,154,NA,FALSE,6
42,358,NA,FALSE,12
42,264,NA,FALSE,9
42,87,NA,FALSE,3
42,43,NA,FALSE,2
42,168,NA,FALSE,6
42,353,NA,TRUE,12
42,344,NA,FALSE,12
42,72,NA,FALSE,3
42,237,NA,FALSE,8
42,207,NA,FALSE,7
42,223,NA,FALSE,8
42,62,NA,FALSE,3
42,122,NA,FALSE,5
42,201,NA,FALSE,7
42,193,NA,FALSE,7
42,362,NA,FALSE,13
42,345,NA,FALSE,12
42,184,NA,FALSE,7
42,50,NA,FALSE,2
42,196,NA,FALSE,7
42,175,NA,FALSE,6
42,62,NA,FALSE,3
42,59,NA,FALSE,2
42,230,NA,FALSE,8
42,82,NA,FALSE,3
42,44,NA,FALSE,2
42,120,NA,FALSE,4
42,294,NA,FALSE,10
42,352,NA,FALSE,12
43,343,NA,FALSE,12
43,59,NA,FALSE,2
43,356,NA,FALSE,12
43,238,NA,FALSE,8
43,298,NA,FALSE,10
43,219,NA,FALSE,8
43,187,NA,FALSE,7
43,225,NA,TRUE,8
43,281,NA,FALSE,10
43,167,NA,FALSE,6
43,120,NA,FALSE,4
43,142,NA,FALSE,5
43,39,NA,FALSE,2
43,210,NA,FALSE,7
43,136,NA,FALSE,5
43,73,NA,FALSE,3
43,341,NA,FALSE,12
43,343,NA,FALSE,12
43,171,NA,FALSE,6
43,359,NA,FALSE,12
43,64,NA,FALSE,3
43,346,NA,FALSE,12
43,163,NA,FALSE,6
43,175,NA,FALSE,6
43,37,NA,FALSE,2
43,319,NA,FALSE,11
43,298,NA,FALSE,10
43,299,NA,FALSE,10
43,261,NA,FALSE,9
43,135,NA,FALSE,5
43,38,NA,FALSE,2
43,319,NA,FALSE,11
43,264,NA,FALSE,9
43,156,NA,FALSE,6
43,304,NA,FALSE,11
43,155,NA,FALSE,6
43,60,NA,FALSE,2
43,68,NA,FALSE,3
43,268,NA,FALSE,9
43,84,NA,FALSE,3
43,82,NA,FALSE,3
43,363,NA,FALSE,13
43,312,NA,FALSE,11
43,185,NA,FALSE,7
43,313,NA,FALSE,11
43,128,NA,FALSE,5
43,36,NA,FALSE,2
43,172,NA,FALSE,6
43,52,NA,FALSE,2
43,219,NA,FALSE,8
43,253,NA,FALSE,9
43,144,NA,FALSE,5
43,163,NA,FALSE,6
43,180,NA,FALSE,6
44,54,NA,FALSE,2
44,181,NA,FALSE,7
44,271,NA,FALSE,10
44,49,NA,FALSE,2
44,351,NA,FALSE,12
44,106,NA,FALSE,4
44,286,NA,FALSE,10
44,37,NA,FALSE,2
44,224,NA,FALSE,8
44,316,NA,FALSE,11
44,216,NA,FALSE,8
44,313,NA,FALSE,11
44,268,NA,FALSE,9
44,243,NA,FALSE,9
44,180,NA,FALSE,6
44,65,NA,FALSE,3
44,221,NA,FALSE,8
44,30,NA,FALSE,1
44,288,NA,FALSE,10
44,139,NA,FALSE,5
44,216,NA,FALSE,8
44,115,NA,FALSE,4
44,280,NA,FALSE,10
44,162,NA,FALSE,6
44,82,NA,FALSE,3
44,111,NA,FALSE,4
44,209,NA,FALSE,7
44,41,NA,FALSE,2
44,358,NA,FALSE,12
44,59,NA,FALSE,2
44,305,NA,FALSE,11
44,31,NA,FALSE,2
44,245,NA,FALSE,9
44,125,NA,FALSE,5
44,221,NA,FALSE,8
44,245,NA,TRUE,9
44,132,NA,FALSE,5
44,56,NA,FALSE,2
44,205,NA,FALSE,7
44,102,NA,FALSE,4
44,64,NA,FALSE,3
44,295,NA,FALSE,10
44,76,NA,FALSE,3
45,228,NA,FALSE,8
45,276,NA,FALSE,10
45,316,NA,FALSE,11
45,253,NA,FALSE,9
45,211,NA,FALSE,8
45,123,NA,FALSE,5
45,265,NA,FALSE,9
45,155,NA,FALSE,6
45,323,NA,FALSE,11
45,327,NA,FALSE,11
45,126,NA,FALSE,5
45,144,NA,FALSE,5
45,222,NA,FALSE,8
45,38,NA,FALSE,2
45,215,NA,FALSE,8
45,243,NA,FALSE,9
45,136,NA,FALSE,5
45,187,NA,FALSE,7
45,58,NA,FALSE,2
45,72,NA,FALSE,3
45,173,NA,FALSE,6
45,198,NA,FALSE,7
45,49,NA,FALSE,2
45,315,NA,FALSE,11
45,341,NA,FALSE,12
45,255,NA,TRUE,9
45,226,NA,FALSE,8
45,55,NA,FALSE,2
45,324,NA,FALSE,11
45,88,NA,FALSE,3
45,37,NA,FALSE,2
45,363,NA,FALSE,13
45,300,NA,FALSE,10
45,238,NA,FALSE,8
45,309,NA,FALSE,11
45,114,NA,FALSE,4
45,175,NA,FALSE,6
45,275,NA,FALSE,10
45,95,NA,FALSE,4
45,83,NA,FALSE,3
45,180,NA,FALSE,6
45,275,NA,FALSE,10
45,313,NA,TRUE,11
45,52,NA,FALSE,2
45,65,NA,FALSE,3
45,132,NA,FALSE,5
45,127,NA,FALSE,5
45,169,NA,FALSE,6
45,332,NA,FALSE,12
45,350,NA,FALSE,12
45,79,NA,FALSE,3
45,163,NA,FALSE,6
45,107,NA,FALSE,4
45,347,NA,FALSE,12
45,171,NA,FALSE,6
45,329,NA,FALSE,11
45,348,NA,FALSE,12
46,185,NA,FALSE,7
46,326,NA,FALSE,11
46,341,NA,FALSE,12
46,166,NA,FALSE,6
46,95,NA,FALSE,4
46,150,NA,FALSE,5
46,308,NA,FALSE,11
46,305,NA,FALSE,11
46,164,NA,FALSE,6
46,355,NA,FALSE,12
46,129,NA,FALSE,5
46,80,NA,TRUE,3
46,69,NA,FALSE,3
46,120,NA,FALSE,4
46,116,NA,FALSE,4
46,187,NA,FALSE,7
46,256,NA,FALSE,9
46,213,NA,FALSE,8
46,82,NA,FALSE,3
46,82,NA,FALSE,3
46,161,NA,FALSE,6
46,90,NA,FALSE,3
46,52,NA,FALSE,2
46,208,NA,FALSE,7
46,298,NA,FALSE,10
46,146,NA,FALSE,5
46,37,NA,FALSE,2
46,172,NA,FALSE,6
46,259,NA,FALSE,9
46,145,NA,FALSE,5
46,113,NA,FALSE,4
46,214,NA,FALSE,8
46,60,NA,FALSE,2
46,114,NA,FALSE,4
46,131,NA,FALSE,5
46,100,NA,FALSE,4
46,107,NA,FALSE,4
46,114,NA,FALSE,4
46,170,NA,FALSE,6
46,44,NA,FALSE,2
46,40,NA,FALSE,2
46,349,NA,FALSE,12
46,92,NA,FALSE,4
46,98,NA,FALSE,4
46,310,NA,FALSE,11
46,166,NA,FALSE,6
46,57,NA,FALSE,2
46,91,NA,FALSE,4
46,289,NA,FALSE,10
47,213,NA,FALSE,8
47,90,NA,FALSE,3
47,315,NA,FALSE,11
47,205,NA,FALSE,7
47,153,NA,FALSE,6
47,93,NA,FALSE,4
47,116,NA,FALSE,4
47,232,NA,FALSE,8
47,71,NA,FALSE,3
47,292,NA,FALSE,10
47,234,NA,FALSE,8
47,72,NA,FALSE,3
47,50,NA,FALSE,2
47,170,NA,FALSE,6
47,82,NA,FALSE,3
47,158,NA,FALSE,6
47,337,NA,FALSE,12
47,104,NA,FALSE,4
47,86,NA,FALSE,3
47,236,NA,FALSE,8
47,143,NA,FALSE,5
47,361,NA,FALSE,13
47,51,NA,FALSE,2
47,91,NA,TRUE,4
47,145,NA,FALSE,5
47,186,NA,FALSE,7
47,315,NA,FALSE,11
47,230,NA,FALSE,8
47,323,NA,FALSE,11
47,332,NA,FALSE,12
47,195,NA,FALSE,7
47,306,NA,FALSE,11
47,272,NA,FALSE,10
47,320,NA,FALSE,11
47,187,NA,FALSE,7
47,227,NA,FALSE,8
47,317,NA,FALSE,11
47,275,NA,FALSE,10
47,204,NA,FALSE,7
47,182,NA,FALSE,7
47,246,NA,FALSE,9
47,278,NA,FALSE,10
47,62,NA,FALSE,3
47,363,NA,FALSE,13
47,233,NA,FALSE,8
47,218,NA,FALSE,8
47,128,NA,FALSE,5
47,336,NA,FALSE,12
47,196,NA,FALSE,7
47,193,NA,FALSE,7
47,42,NA,FALSE,2
48,279,NA,FALSE,10
48,352,NA,FALSE,12
48,197,NA,FALSE,7
48,364,NA,FALSE,13
48,86,NA,FALSE,3
48,327,NA,FALSE,11
48,320,NA,FALSE,11
48,316,NA,FALSE,11
48,188,NA,FALSE,7
48,157,NA,FALSE,6
48,248,NA,FALSE,9
48,269,NA,FALSE,9
48,82,NA,FALSE,3
48,72,NA,FALSE,3
48,158,NA,FALSE,6
48,256,NA,FALSE,9
48,149,NA,FALSE,5
48,135,NA,FALSE,5
48,145,NA,FALSE,5
48,248,NA,FALSE,9
48,129,NA,FALSE,5
48,196,NA,FALSE,7
48,112,NA,FALSE,4
48,110,NA,FALSE,4
48,319,NA,FALSE,11
48,242,NA,FALSE,9
48,135,NA,FALSE,5
48,303,NA,FALSE,11
48,211,NA,FALSE,8
48,96,NA,FALSE,4
48,293,NA,FALSE,10
48,89,NA,TRUE,3
48,73,NA,FALSE,3
48,341,NA,FALSE,12
48,230,NA,FALSE,8
48,147,NA,FALSE,5
48,300,NA,FALSE,10
48,53,NA,FALSE,2
48,58,NA,FALSE,2
48,193,NA,FALSE,7
48,265,NA,FALSE,9
48,73,NA,FALSE,3
48,225,NA,FALSE,8
48,144,NA,FALSE,5
48,166,NA,FALSE,6
48,90,NA,FALSE,3
48,195,NA,FALSE,7
48,124,NA,FALSE,5
48,37,NA,FALSE,2
48,144,NA,FALSE,5
48,337,NA,FALSE,12
48,259,NA,FALSE,9
49,101,NA,FALSE,4
49,99,NA,FALSE,4
49,140,NA,FALSE,5
49,93,NA,FALSE,4
49,280,NA,FALSE,10
49,172,NA,FALSE,6
49,132,NA,FALSE,5
49,189,NA,FALSE,7
49,104,NA,FALSE,4
49,49,NA,FALSE,2
49,257,NA,FALSE,9
49,181,NA,FALSE,7
49,155,NA,FALSE,6
49,156,NA,FALSE,6
49,294,NA,FALSE,10
49,165,NA,FALSE,6
49,294,NA,FALSE,10
49,128,NA,FALSE,5
49,212,NA,FALSE,8
49,160,NA,FALSE,6
49,89,NA,FALSE,3
49,121,NA,FALSE,5
49,201,NA,FALSE,7
49,88,NA,FALSE,3
49,176,NA,FALSE,6
49,174,NA,FALSE,6
49,132,NA,FALSE,5
49,212,NA,FALSE,8
49,236,NA,FALSE,8
49,290,NA,FALSE,10
49,196,NA,FALSE,7
49,292,NA,FALSE,10
49,160,NA,FALSE,6
49,259,NA,FALSE,9
49,130,NA,FALSE,5
49,29,NA,FALSE,1
49,61,NA,FALSE,3
49,320,NA,FALSE,11
49,138,NA,FALSE,5
49,126,NA,TRUE,5
49,118,NA,FALSE,4
49,68,NA,FALSE,3
49,353,NA,FALSE,12
49,317,NA,FALSE,11
49,106,NA,FALSE,4
49,34,NA,FALSE,2
49,243,NA,FALSE,9
49,76,NA,FALSE,3
49,54,NA,FALSE,2
49,45,NA,FALSE,2
49,223,NA,FALSE,8
49,359,NA,FALSE,12
49,63,NA,FALSE,3
49,336,NA,FALSE,12
50,129,NA,FALSE,5
50,358,NA,FALSE,12
50,198,NA,FALSE,7
50,262,NA,FALSE,9
50,126,NA,FALSE,5
50,269,NA,FALSE,9
50,284,NA,FALSE,10
50,341,NA,FALSE,12
50,37,NA,FALSE,2
50,273,NA,FALSE,10
50,106,NA,FALSE,4
50,124,NA,FALSE,5
50,34,NA,FALSE,2
50,242,NA,FALSE,9
50,320,NA,FALSE,11
50,235,NA,FALSE,8
50,286,NA,FALSE,10
50,108,NA,FALSE,4
50,186,NA,FALSE,7
50,265,NA,FALSE,9
50,312,NA,FALSE,11
50,71,NA,FALSE,3
50,215,NA,FALSE,8
50,115,NA,FALSE,4
50,306,NA,FALSE,11
50,357,NA,FALSE,12
50,220,NA,FALSE,8
50,213,NA,TRUE,8
50,190,NA,FALSE,7
50,274,NA,FALSE,10
50,260,NA,FALSE,9
50,80,NA,FALSE,3
50,227,NA,FALSE,8
50,67,NA,FALSE,3
50,162,NA,FALSE,6
50,323,NA,FALSE,11
50,44,NA,FALSE,2
50,357,NA,FALSE,12
50,161,NA,FALSE,6
50,176,NA,FALSE,6
50,268,NA,FALSE,9
50,176,NA,FALSE,6
50,36,NA,FALSE,2
50,278,NA,FALSE,10
50,62,NA,FALSE,3
50,107,NA,FALSE,4
50,216,NA,FALSE,8
50,148,NA,FALSE,5
50,181,NA,FALSE,7
50,249,NA,FALSE,9
50,60,NA,FALSE,2
50,49,NA,FALSE,2
50,266,NA,FALSE,9
50,199,NA,FALSE,7
51,241,NA,FALSE,9
51,114,NA,FALSE,4
51,242,NA,FALSE,9
51,325,NA,FALSE,11
51,163,NA,FALSE,6
51,258,NA,FALSE,9
51,84,NA,FALSE,3
51,197,NA,FALSE,7
51,293,NA,FALSE,10
51,250,NA,FALSE,9
51,38,NA,FALSE,2
51,122,NA,FALSE,5
51,362,NA,FALSE,13
51,338,NA,FALSE,12
51,351,NA,FALSE,12
51,258,NA,FALSE,9
51,246,NA,FALSE,9
51,216,NA,FALSE,8
51,83,NA,FALSE,3
51,263,NA,FALSE,9
51,36,NA,FALSE,2
51,280,NA,FALSE,10
51,183,NA,FALSE,7
51,129,NA,FALSE,5
51,262,NA,FALSE,9
51,141,NA,FALSE,5
51,29,NA,FALSE,1
51,76,NA,FALSE,3
51,254,NA,FALSE,9
51,122,NA,FALSE,5
51,141,NA,FALSE,5
51,229,NA,FALSE,8
51,299,NA,FALSE,10
51,94,NA,FALSE,4
51,91,NA,FALSE,4
51,91,NA,FALSE,4
51,327,NA,FALSE,11
51,104,NA,FALSE,4
51,68,NA,FALSE,3
51,124,NA,FALSE,5
51,64,NA,FALSE,3
52,86,NA,FALSE,3
52,51,NA,FALSE,2
52,359,NA,FALSE,12
52,161,NA,FALSE,6
52,51,NA,FALSE,2
52,220,NA,FALSE,8
52,113,NA,FALSE,4
52,80,NA,FALSE,3
52,349,NA,FALSE,12
52,107,NA,FALSE,4
52,227,NA,FALSE,8
52,62,NA,FALSE,3
52,313,NA,FALSE,11
52,318,NA,FALSE,11
52,240,NA,FALSE,8
52,283,NA,FALSE,10
52,125,NA,FALSE,5
52,218,NA,FALSE,8
52,250,NA,FALSE,9
52,346,NA,FALSE,12
52,180,NA,FALSE,6
52,54,NA,FALSE,2
52,148,NA,FALSE,5
52,177,NA,FALSE,6
52,87,NA,FALSE,3
52,52,NA,FALSE,2
52,354,NA,FALSE,12
52,262,NA,FALSE,9
52,288,NA,FALSE,10
52,247,NA,FALSE,9
52,200,NA,FALSE,7
52,304,NA,FALSE,11
52,350,NA,FALSE,12
52,281,NA,FALSE,10
52,236,NA,FALSE,8
52,107,NA,FALSE,4
52,211,NA,FALSE,8
52,154,NA,FALSE,6
52,127,NA,FALSE,5
52,97,NA,FALSE,4
52,120,NA,FALSE,4
52,237,NA,FALSE,8
52,315,NA,FALSE,11
52,353,NA,FALSE,12
52,54,NA,FALSE,2
52,165,NA,FALSE,6
52,337,NA,FALSE,12
52,90,NA,FALSE,3
52,269,NA,FALSE,9
52,108,NA,FALSE,4
52,82,NA,FALSE,3
52,144,NA,FALSE,5
53,113,NA,FALSE,4
53,42,NA,FALSE,2
53,193,NA,FALSE,7
53,268,NA,FALSE,9
53,352,NA,FALSE,12
53,254,NA,FALSE,9
53,327,NA,FALSE,11
53,121,NA,FALSE,5
53,95,NA,FALSE,4
53,29,NA,FALSE,1
53,157,NA,FALSE,6
53,109,NA,FALSE,4
53,325,NA,FALSE,11
53,183,NA,FALSE,7
53,233,NA,FALSE,8
53,279,NA,FALSE,10
53,143,NA,FALSE,5
53,161,NA,FALSE,6
53,121,NA,FALSE,5
53,85,NA,FALSE,3
53,121,NA,FALSE,5
53,313,NA,FALSE,11
53,316,NA,FALSE,11
53,225,NA,FALSE,8
53,202,NA,FALSE,7
53,195,NA,FALSE,7
53,139,NA,FALSE,5
53,316,NA,FALSE,11
53,319,NA,FALSE,11
53,309,NA,FALSE,11
53,73,NA,FALSE,3
53,112,NA,FALSE,4
53,111,NA,FALSE,4
53,139,NA,FALSE,5
53,235,NA,FALSE,8
53,343,NA,FALSE,12
53,307,NA,FALSE,11
53,166,NA,FALSE,6
53,270,NA,FALSE,9
53,276,NA,FALSE,10
53,343,NA,FALSE,12
53,303,NA,FALSE,11
53,242,NA,FALSE,9
53,141,NA,FALSE,5
53,355,NA,FALSE,12
53,263,NA,FALSE,9
53,362,NA,FALSE,13
53,341,NA,TRUE,12
53,304,NA,FALSE,11
53,360,NA,FALSE,12
53,234,NA,FALSE,8
53,154,NA,FALSE,6
53,94,NA,FALSE,4
53,301,NA,FALSE,11
53,152,NA,FALSE,6
53,222,NA,FALSE,8
53,153,NA,FALSE,6
53,314,NA,FALSE,11
53,230,NA,FALSE,8
53,145,NA,FALSE,5
53,47,NA,FALSE,2
54,270,NA,FALSE,9
54,252,NA,FALSE,9
54,292,NA,FALSE,10
54,35,NA,FALSE,2
54,361,NA,FALSE,13
54,166,NA,FALSE,6
54,42,NA,FALSE,2
54,237,NA,FALSE,8
54,108,NA,FALSE,4
54,124,NA,FALSE,5
54,243,NA,FALSE,9
54,202,NA,FALSE,7
54,51,NA,FALSE,2
54,244,NA,FALSE,9
54,176,NA,FALSE,6
54,138,NA,FALSE,5
54,313,NA,FALSE,11
54,60,NA,FALSE,2
54,289,NA,FALSE,10
54,259,NA,FALSE,9
54,231,NA,FALSE,8
54,93,NA,FALSE,4
54,246,NA,FALSE,9
54,146,NA,FALSE,5
54,274,NA,FALSE,10
54,112,NA,FALSE,4
54,160,NA,FALSE,6
54,217,NA,FALSE,8
54,67,NA,FALSE,3
54,56,NA,FALSE,2
54,111,NA,FALSE,4
54,189,NA,FALSE,7
54,284,NA,FALSE,10
54,186,NA,FALSE,7
54,123,NA,FALSE,5
54,80,NA,FALSE,3
54,222,NA,FALSE,8
54,79,NA,FALSE,3
54,159,NA,FALSE,6
54,158,NA,FALSE,6
54,250,NA,FALSE,9
54,46,NA,FALSE,2
54,232,NA,FALSE,8
54,165,NA,FALSE,6
54,54,NA,FALSE,2
54,362,NA,FALSE,13
54,201,NA,FALSE,7
54,358,NA,FALSE,12
54,108,NA,FALSE,4
54,263,NA,FALSE,9
54,237,NA,FALSE,8
54,250,NA,TRUE,9
54,239,NA,FALSE,8
54,242,NA,FALSE,9
54,252,NA,FALSE,9
54,308,NA,FALSE,11
55,115,NA,FALSE,4
55,107,NA,FALSE,4
55,98,NA,FALSE,4
55,161,NA,FALSE,6
55,274,NA,FALSE,10
55,292,NA,FALSE,10
55,320,NA,FALSE,11
55,273,NA,FALSE,10
55,254,NA,FALSE,9
55,116,NA,FALSE,4
55,192,NA,FALSE,7
55,220,NA,FALSE,8
55,224,NA,FALSE,8
55,354,NA,FALSE,12
55,66,NA,FALSE,3
55,93,NA,FALSE,4
55,156,NA,FALSE,6
55,290,NA,FALSE,10
55,78,NA,FALSE,3
55,311,NA,FALSE,11
55,234,NA,FALSE,8
55,205,NA,FALSE,7
55,290,NA,FALSE,10
55,357,NA,FALSE,12
55,131,NA,FALSE,5
55,122,NA,FALSE,5
55,247,NA,FALSE,9
55,358,NA,FALSE,12
55,47,NA,FALSE,2
55,323,NA,FALSE,11
55,262,NA,FALSE,9
55,29,NA,FALSE,1
55,356,NA,FALSE,12
55,276,NA,FALSE,10
55,50,NA,FALSE,2
55,81,NA,FALSE,3
55,218,NA,FALSE,8
55,356,NA,FALSE,12
55,337,NA,FALSE,12
55,72,NA,FALSE,3
55,124,NA,FALSE,5
55,286,NA,FALSE,10
55,64,NA,FALSE,3
55,115,NA,FALSE,4
55,149,NA,FALSE,5
55,193,NA,FALSE,7
55,102,NA,FALSE,4
56,335,NA,FALSE,12
56,125,NA,FALSE,5
56,64,NA,FALSE,3
56,182,NA,FALSE,7
56,349,NA,FALSE,12
56,253,NA,FALSE,9
56,92,NA,FALSE,4
56,93,NA,FALSE,4
56,113,NA,FALSE,4
56,339,NA,FALSE,12
56,67,NA,FALSE,3
56,354,NA,FALSE,12
56,289,NA,FALSE,10
56,109,NA,FALSE,4
56,236,NA,FALSE,8
56,105,NA,FALSE,4
56,43,NA,FALSE,2
56,316,NA,FALSE,11
56,194,NA,FALSE,7
56,198,NA,FALSE,7
56,348,NA,FALSE,12
56,351,NA,FALSE,12
56,297,NA,FALSE,10
56,83,NA,FALSE,3
56,238,NA,FALSE,8
56,243,NA,FALSE,9
56,142,NA,FALSE,5
56,203,NA,FALSE,7
56,104,NA,FALSE,4
56,70,NA,FALSE,3
56,54,NA,FALSE,2
56,323,NA,FALSE,11
56,220,NA,FALSE,8
56,244,NA,FALSE,9
56,119,NA,FALSE,4
56,330,NA,FALSE,11
56,280,NA,FALSE,10
56,283,NA,FALSE,10
56,357,NA,FALSE,12
56,127,NA,FALSE,5
56,107,NA,FALSE,4
56,117,NA,FALSE,4
56,146,NA,FALSE,5
56,148,NA,FALSE,5
56,260,NA,FALSE,9
56,326,NA,FALSE,11
56,88,NA,FALSE,3
56,247,NA,FALSE,9
56,143,NA,FALSE,5
56,154,NA,TRUE,6
56,108,NA,FALSE,4
56,116,NA,FALSE,4
56,179,NA,FALSE,6
57,313,NA,FALSE,11
57,117,NA,FALSE,4
57,65,NA,FALSE,3
57,46,NA,FALSE,2
57,164,NA,FALSE,6
57,190,NA,FALSE,7
57,305,NA,FALSE,11
57,176,NA,FALSE,6
57,287,NA,FALSE,10
57,141,NA,FALSE,5
57,218,NA,FALSE,8
57,117,NA,FALSE,4
57,132,NA,FALSE,5
57,88,NA,FALSE,3
57,269,NA,FALSE,9
57,187,NA,FALSE,7
57,192,NA,FALSE,7
57,362,NA,FALSE,13
57,123,NA,FALSE,5
57,93,NA,FALSE,4
57,307,NA,FALSE,11
57,278,NA,FALSE,10
57,223,NA,FALSE,8
57,329,NA,FALSE,11
57,100,NA,FALSE,4
57,170,NA,FALSE,6
57,85,NA,FALSE,3
57,107,NA,FALSE,4
57,248,NA,FALSE,9
57,360,NA,FALSE,12
57,140,NA,FALSE,5
57,295,NA,FALSE,10
57,282,NA,FALSE,10
57,306,NA,TRUE,11
57,205,NA,FALSE,7
57,229,NA,FALSE,8
57,64,NA,FALSE,3
57,76,NA,FALSE,3
57,235,NA,FALSE,8
57,124,NA,FALSE,5
57,136,NA,FALSE,5
57,203,NA,FALSE,7
57,54,NA,FALSE,2
57,269,NA,FALSE,9
57,132,NA,FALSE,5
57,343,NA,FALSE,12
57,337,NA,FALSE,12
57,87,NA,FALSE,3
57,174,NA,FALSE,6
58,325,NA,FALSE,11
58,328,NA,FALSE,11
58,171,NA,FALSE,6
58,49,NA,FALSE,2
58,168,NA,FALSE,6
58,140,NA,FALSE,5
58,339,NA,FALSE,12
58,255,NA,FALSE,9
58,175,NA,FALSE,6
58,58,NA,FALSE,2
58,278,NA,FALSE,10
58,81,NA,FALSE,3
58,247,NA,FALSE,9
58,330,NA,FALSE,11
58,41,NA,FALSE,2
58,225,NA,FALSE,8
58,168,NA,FALSE,6
58,239,NA,FALSE,8
58,59,NA,FALSE,2
58,152,NA,FALSE,6
58,189,NA,FALSE,7
58,359,NA,FALSE,12
58,114,NA,FALSE,4
58,81,NA,FALSE,3
58,109,NA,FALSE,4
58,198,NA,FALSE,7
58,225,NA,FALSE,8
58,354,NA,FALSE,12
58,53,NA,FALSE,2
58,145,NA,FALSE,5
58,44,NA,FALSE,2
58,216,NA,FALSE,8
58,264,NA,FALSE,9
58,347,NA,FALSE,12
58,221,NA,FALSE,8
58,229,NA,TRUE,8
58,164,NA,FALSE,6
58,100,NA,FALSE,4
58,351,NA,FALSE,12
58,180,NA,FALSE,6
58,61,NA,FALSE,3
58,142,NA,FALSE,5
58,52,NA,FALSE,2
58,114,NA,FALSE,4
58,240,NA,FALSE,8
58,119,NA,FALSE,4
58,56,NA,FALSE,2
58,30,NA,FALSE,1
58,118,NA,FALSE,4
58,131,NA,FALSE,5
58,322,NA,FALSE,11
58,314,NA,FALSE,11
58,349,NA,FALSE,12
58,153,NA,FALSE,6
58,105,NA,FALSE,4
58,188,NA,FALSE,7
58,284,NA,FALSE,10
58,233,NA,FALSE,8
58,46,NA,FALSE,2
58,156,NA,FALSE,6
58,299,NA,FALSE,10
59,280,NA,FALSE,10
59,363,NA,FALSE,13
59,260,NA,FALSE,9
59,85,NA,FALSE,3
59,310,NA,FALSE,11
59,115,NA,FALSE,4
59,293,NA,FALSE,10
59,135,NA,FALSE,5
59,188,NA,FALSE,7
59,245,NA,FALSE,9
59,58,NA,FALSE,2
59,95,NA,FALSE,4
59,63,NA,FALSE,3
59,317,NA,FALSE,11
59,125,NA,FALSE,5
59,75,NA,FALSE,3
59,49,NA,FALSE,2
59,300,NA,FALSE,10
59,53,NA,FALSE,2
59,68,NA,FALSE,3
59,321,NA,FALSE,11
59,168,NA,FALSE,6
59,177,NA,FALSE,6
59,57,NA,FALSE,2
59,73,NA,TRUE,3
59,105,NA,FALSE,4
59,125,NA,FALSE,5
59,251,NA,FALSE,9
59,117,NA,FALSE,4
59,171,NA,FALSE,6
59,74,NA,FALSE,3
59,206,NA,FALSE,7
59,224,NA,FALSE,8
59,312,NA,FALSE,11
59,95,NA,FALSE,4
59,76,NA,FALSE,3
59,307,NA,FALSE,11
59,186,NA,FALSE,7
59,322,NA,FALSE,11
59,312,NA,FALSE,11
59,138,NA,FALSE,5
59,313,NA,FALSE,11
59,38,NA,FALSE,2
59,153,NA,FALSE,6
59,344,NA,FALSE,12
59,319,NA,FALSE,11
59,75,NA,FALSE,3
59,351,NA,FALSE,12
59,116,NA,FALSE,4
59,283,NA,FALSE,10
59,164,NA,FALSE,6
59,343,NA,FALSE,12
60,214,NA,FALSE,8
60,277,NA,FALSE,10
60,132,NA,FALSE,5
60,278,NA,FALSE,10
60,48,NA,FALSE,2
60,330,NA,FALSE,11
60,358,NA,FALSE,12
60,130,NA,FALSE,5
60,31,NA,FALSE,2
60,148,NA,FALSE,5
60,265,NA,FALSE,9
60,237,NA,FALSE,8
60,74,NA,FALSE,3
60,142,NA,FALSE,5
60,278,NA,FALSE,10
60,105,NA,FALSE,4
60,354,NA,FALSE,12
60,322,NA,FALSE,11
60,143,NA,FALSE,5
60,190,NA,FALSE,7
60,107,NA,FALSE,4
60,208,NA,FALSE,7
60,209,NA,FALSE,7
60,273,NA,FALSE,10
60,192,NA,FALSE,7
60,337,NA,FALSE,12
60,86,NA,FALSE,3
60,234,NA,FALSE,8
60,299,NA,FALSE,10
60,74,NA,FALSE,3
60,290,NA,FALSE,10
60,151,NA,FALSE,6
60,299,NA,FALSE,10
60,77,NA,FALSE,3
60,196,NA,FALSE,7
60,149,NA,FALSE,5
60,349,NA,FALSE,12
60,149,NA,FALSE,5
60,360,NA,FALSE,12
60,29,NA,FALSE,1
60,37,NA,FALSE,2
60,273,NA,FALSE,10
60,150,NA,FALSE,5
60,353,NA,FALSE,12
60,64,NA,FALSE,3
60,53,NA,FALSE,2
60,174,NA,FALSE,6
60,215,NA,FALSE,8
61,41,NA,FALSE,2
61,150,NA,FALSE,5
61,32,NA,FALSE,2
61,261,NA,FALSE,9
61,141,NA,FALSE,5
61,118,NA,FALSE,4
61,297,NA,FALSE,10
61,166,NA,FALSE,6
61,335,NA,FALSE,12
61,71,NA,FALSE,3
61,206,NA,FALSE,7
61,150,NA,FALSE,5
61,290,NA,FALSE,10
61,268,NA,FALSE,9
61,199,NA,FALSE,7
61,215,NA,FALSE,8
61,362,NA,FALSE,13
61,334,NA,FALSE,12
61,341,NA,FALSE,12
61,62,NA,FALSE,3
61,220,NA,FALSE,8
61,275,NA,FALSE,10
61,272,NA,FALSE,10
61,315,NA,FALSE,11
61,341,NA,TRUE,12
61,75,NA,FALSE,3
61,283,NA,FALSE,10
61,58,NA,FALSE,2
61,147,NA,FALSE,5
61,54,NA,FALSE,2
61,142,NA,FALSE,5
61,87,NA,FALSE,3
61,191,NA,FALSE,7
61,200,NA,FALSE,7
61,64,NA,FALSE,3
61,76,NA,FALSE,3
61,273,NA,FALSE,10
61,327,NA,FALSE,11
61,323,NA,FALSE,11
61,332,NA,FALSE,12
61,214,NA,FALSE,8
61,29,NA,FALSE,1
61,191,NA,FALSE,7
61,355,NA,FALSE,12
61,75,NA,FALSE,3
61,240,NA,TRUE,8
61,223,NA,FALSE,8
61,200,NA,FALSE,7
61,259,NA,FALSE,9
61,74,NA,FALSE,3
61,240,NA,FALSE,8
61,48,NA,FALSE,2
61,125,NA,FALSE,5
61,245,NA,FALSE,9
61,306,NA,FALSE,11
61,87,NA,FALSE,3
62,339,NA,FALSE,12
62,316,NA,FALSE,11
62,164,NA,FALSE,6
62,83,NA,FALSE,3
62,82,NA,FALSE,3
62,328,NA,FALSE,11
62,141,NA,FALSE,5
62,261,NA,FALSE,9
62,194,NA,TRUE,7
62,175,NA,FALSE,6
62,351,NA,FALSE,12
62,295,NA,FALSE,10
62,57,NA,FALSE,2
62,239,NA,FALSE,8
62,202,NA,FALSE,7
62,142,NA,FALSE,5
62,217,NA,FALSE,8
62,279,NA,FALSE,10
62,117,NA,FALSE,4
62,163,NA,FALSE,6
62,319,NA,FALSE,11
62,136,NA,FALSE,5
62,138,NA,FALSE,5
62,327,NA,FALSE,11
62,225,NA,FALSE,8
62,243,NA,FALSE,9
62,199,NA,FALSE,7
62,145,NA,FALSE,5
62,177,NA,FALSE,6
62,224,NA,FALSE,8
62,148,NA,FALSE,5
62,65,NA,TRUE,3
62,33,NA,FALSE,2
62,207,NA,FALSE,7
62,124,NA,FALSE,5
62,227,NA,FALSE,8
62,42,NA,FALSE,2
62,287,NA,FALSE,10
62,193,NA,FALSE,7
62,184,NA,FALSE,7
62,135,NA,FALSE,5
62,148,NA,FALSE,5
62,154,NA,FALSE,6
62,215,NA,FALSE,8
62,109,NA,FALSE,4
62,244,NA,FALSE,9
62,42,NA,FALSE,2
63,188,NA,FALSE,7
63,275,NA,FALSE,10
63,344,NA,FALSE,12
63,121,NA,FALSE,5
63,132,NA,TRUE,5
63,87,NA,FALSE,3
63,316,NA,FALSE,11
63,206,NA,FALSE,7
63,276,NA,FALSE,10
63,215,NA,FALSE,8
63,133,NA,FALSE,5
63,123,NA,FALSE,5
63,202,NA,FALSE,7
63,286,NA,FALSE,10
63,325,NA,FALSE,11
63,275,NA,FALSE,10
63,295,NA,FALSE,10
63,151,NA,FALSE,6
63,352,NA,FALSE,12
63,254,NA,FALSE,9
63,230,NA,FALSE,8
63,347,NA,FALSE,12
63,200,NA,FALSE,7
63,231,NA,FALSE,8
63,263,NA,FALSE,9
63,179,NA,FALSE,6
63,335,NA,FALSE,12
63,250,NA,FALSE,9
63,257,NA,FALSE,9
63,47,NA,FALSE,2
63,151,NA,FALSE,6
63,56,NA,FALSE,2
63,153,NA,FALSE,6
63,116,NA,FALSE,4
63,167,NA,FALSE,6
63,221,NA,FALSE,8
63,50,NA,FALSE,2
63,76,NA,FALSE,3
63,145,NA,FALSE,5
63,39,NA,FALSE,2
63,50,NA,FALSE,2
63,55,NA,FALSE,2
63,294,NA,FALSE,10
63,160,NA,FALSE,6
63,292,NA,FALSE,10
63,301,NA,FALSE,11
63,98,NA,FALSE,4
63,325,NA,FALSE,11
63,165,NA,FALSE,6
64,107,NA,FALSE,4
64,341,NA,FALSE,12
64,289,NA,FALSE,10
64,44,NA,FALSE,2
64,154,NA,FALSE,6
64,356,NA,FALSE,12
64,61,NA,FALSE,3
64,201,NA,FALSE,7
64,73,NA,FALSE,3
64,72,NA,FALSE,3
64,264,NA,FALSE,9
64,137,NA,FALSE,5
64,131,NA,FALSE,5
64,162,NA,FALSE,6
64,154,NA,FALSE,6
64,294,NA,FALSE,10
64,191,NA,FALSE,7
64,43,NA,FALSE,2
64,150,NA,FALSE,5
64,102,NA,FALSE,4
64,177,NA,FALSE,6
64,292,NA,FALSE,10
64,144,NA,FALSE,5
64,211,NA,FALSE,8
64,132,NA,FALSE,5
64,320,NA,FALSE,11
64,317,NA,FALSE,11
64,101,NA,FALSE,4
64,109,NA,FALSE,4
64,121,NA,TRUE,5
64,77,NA,FALSE,3
64,194,NA,FALSE,7
64,52,NA,FALSE,2
64,156,NA,FALSE,6
64,269,NA,FALSE,9
64,158,NA,FALSE,6
64,94,NA,FALSE,4
64,326,NA,FALSE,11
64,160,NA,FALSE,6
64,345,NA,FALSE,12
64,91,NA,FALSE,4
64,351,NA,FALSE,12
64,273,NA,FALSE,10
64,106,NA,FALSE,4
64,200,NA,FALSE,7
64,45,NA,FALSE,2
64,190,NA,FALSE,7
64,113,NA,FALSE,4
64,89,NA,FALSE,3
64,76,NA,FALSE,3
64,94,NA,FALSE,4
64,138,NA,FALSE,5
64,244,NA,FALSE,9
64,129,NA,FALSE,5
64,245,NA,FALSE,9
64,294,NA,FALSE,10
64,221,NA,FALSE,8
65,215,NA,FALSE,8
65,183,NA,FALSE,7
65,354,NA,FALSE,12
65,217,NA,FALSE,8
65,121,NA,FALSE,5
65,326,NA,FALSE,11
65,343,NA,FALSE,12
65,203,NA,FALSE,7
65,285,NA,FALSE,10
65,216,NA,FALSE,8
65,352,NA,FALSE,12
65,153,NA,FALSE,6
65,154,NA,FALSE,6
65,88,NA,FALSE,3
65,41,NA,FALSE,2
65,332,NA,FALSE,12
65,297,NA,FALSE,10
65,299,NA,FALSE,10
65,54,NA,FALSE,2
65,151,NA,FALSE,6
65,175,NA,FALSE,6
65,281,NA,FALSE,10
65,282,NA,FALSE,10
65,320,NA,FALSE,11
65,361,NA,FALSE,13
65,140,NA,FALSE,5
65,68,NA,FALSE,3
65,67,NA,FALSE,3
65,193,NA,FALSE,7
65,134,NA,FALSE,5
65,113,NA,FALSE,4
65,100,NA,FALSE,4
65,361,NA,FALSE,13
65,234,NA,FALSE,8
65,138,NA,FALSE,5
65,160,NA,TRUE,6
65,303,NA,FALSE,11
65,265,NA,TRUE,9
65,246,NA,FALSE,9
65,289,NA,FALSE,10
65,137,NA,FALSE,5
65,154,NA,FALSE,6
66,314,NA,FALSE,11
66,96,NA,FALSE,4
66,246,NA,FALSE,9
66,134,NA,FALSE,5
66,344,NA,FALSE,12
66,129,NA,FALSE,5
66,193,NA,FALSE,7
66,150,NA,FALSE,5
66,362,NA,FALSE,13
66,108,NA,FALSE,4
66,204,NA,FALSE,7
66,168,NA,FALSE,6
66,361,NA,FALSE,13
66,140,NA,FALSE,5
66,307,NA,FALSE,11
66,157,NA,FALSE,6
66,198,NA,TRUE,7
66,274,NA,FALSE,10
66,43,NA,FALSE,2
66,247,NA,FALSE,9
66,270,NA,FALSE,9
66,236,NA,FALSE,8
66,214,NA,FALSE,8
66,79,NA,FALSE,3
66,304,NA,FALSE,11
66,102,NA,FALSE,4
66,96,NA,FALSE,4
66,260,NA,FALSE,9
66,56,NA,FALSE,2
66,135,NA,FALSE,5
66,230,NA,FALSE,8
66,59,NA,FALSE,2
66,354,NA,FALSE,12
66,241,NA,FALSE,9
66,182,NA,FALSE,7
66,335,NA,FALSE,12
66,203,NA,FALSE,7
66,67,NA,FALSE,3
66,99,NA,FALSE,4
66,144,NA,FALSE,5
66,53,NA,FALSE,2
66,239,NA,FALSE,8
66,168,NA,FALSE,6
66,243,NA,FALSE,9
66,59,NA,FALSE,2
66,196,NA,FALSE,7
66,250,NA,FALSE,9
66,167,NA,FALSE,6
66,259,NA,FALSE,9
66,308,NA,FALSE,11
66,293,NA,FALSE,10
67,303,NA,FALSE,11
67,299,NA,FALSE,10
67,142,NA,FALSE,5
67,226,NA,FALSE,8
67,154,NA,FALSE,6
67,325,NA,FALSE,11
67,79,NA,FALSE,3
67,134,NA,FALSE,5
67,319,NA,FALSE,11
67,44,NA,FALSE,2
67,168,NA,FALSE,6
67,293,NA,FALSE,10
67,120,NA,FALSE,4
67,251,NA,FALSE,9
67,33,NA,FALSE,2
67,97,NA,FALSE,4
67,175,NA,FALSE,6
67,299,NA,FALSE,10
67,103,NA,FALSE,4
67,348,NA,FALSE,12
67,101,NA,FALSE,4
67,258,NA,FALSE,9
67,330,NA,FALSE,11
67,264,NA,FALSE,9
67,72,NA,FALSE,3
67,29,NA,FALSE,1
67,320,NA,FALSE,11
67,240,NA,FALSE,8
67,351,NA,FALSE,12
67,265,NA,FALSE,9
67,85,NA,FALSE,3
67,204,NA,FALSE,7
67,175,NA,FALSE,6
67,34,NA,FALSE,2
67,201,NA,FALSE,7
67,54,NA,FALSE,2
67,301,NA,FALSE,11
67,218,NA,FALSE,8
67,128,NA,FALSE,5
67,93,NA,FALSE,4
67,357,NA,FALSE,12
67,200,NA,FALSE,7
67,332,NA,FALSE,12
67,98,NA,FALSE,4
67,258,NA,FALSE,9
67,125,NA,FALSE,5
67,207,NA,FALSE,7
67,252,NA,FALSE,9
67,71,NA,FALSE,3
67,130,NA,FALSE,5
67,338,NA,FALSE,12
67,166,NA,FALSE,6
67,281,NA,FALSE,10
68,172,NA,FALSE,6
68,192,NA,TRUE,7
68,171,NA,FALSE,6
68,123,NA,FALSE,5
68,226,NA,FALSE,8
68,71,NA,FALSE,3
68,82,NA,FALSE,3
68,262,NA,FALSE,9
68,71,NA,FALSE,3
68,86,NA,FALSE,3
68,162,NA,FALSE,6
68,155,NA,FALSE,6
68,232,NA,FALSE,8
68,309,NA,FALSE,11
68,234,NA,FALSE,8
68,100,NA,FALSE,4
68,36,NA,FALSE,2
68,303,NA,FALSE,11
68,215,NA,FALSE,8
68,330,NA,FALSE,11
68,222,NA,FALSE,8
68,84,NA,FALSE,3
68,134,NA,FALSE,5
68,252,NA,FALSE,9
68,90,NA,FALSE,3
68,52,NA,FALSE,2
68,155,NA,FALSE,6
68,217,NA,FALSE,8
68,237,NA,FALSE,8
68,252,NA,FALSE,9
68,222,NA,FALSE,8
68,146,NA,FALSE,5
68,189,NA,FALSE,7
68,329,NA,FALSE,11
68,208,NA,FALSE,7
68,190,NA,FALSE,7
68,340,NA,FALSE,12
68,332,NA,FALSE,12
68,65,NA,FALSE,3
68,150,NA,FALSE,5
68,169,NA,FALSE,6
68,336,NA,FALSE,12
68,351,NA,FALSE,12
68,181,NA,FALSE,7
68,206,NA,FALSE,7
68,165,NA,FALSE,6
68,275,NA,FALSE,10
68,296,NA,FALSE,10
69,274,NA,FALSE,10
69,254,NA,FALSE,9
69,64,NA,FALSE,3
69,164,NA,FALSE,6
69,65,NA,FALSE,3
69,350,NA,FALSE,12
69,109,NA,FALSE,4
69,62,NA,FALSE,3
69,207,NA,FALSE,7
69,297,NA,FALSE,10
69,87,NA,FALSE,3
69,310,NA,FALSE,11
69,202,NA,FALSE,7
69,151,NA,FALSE,6
69,138,NA,FALSE,5
69,253,NA,FALSE,9
69,292,NA,FALSE,10
69,277,NA,FALSE,10
69,273,NA,FALSE,10
69,335,NA,FALSE,12
69,63,NA,FALSE,3
69,40,NA,FALSE,2
69,283,NA,FALSE,10
69,319,NA,FALSE,11
69,56,NA,FALSE,2
69,257,NA,FALSE,9
69,132,NA,FALSE,5
69,187,NA,FALSE,7
69,323,NA,FALSE,11
69,148,NA,FALSE,5
69,127,NA,FALSE,5
69,138,NA,FALSE,5
69,232,NA,FALSE,8
69,278,NA,FALSE,10
69,260,NA,FALSE,9
69,209,NA,FALSE,7
69,361,NA,FALSE,13
69,116,NA,FALSE,4
69,173,NA,FALSE,6
69,317,NA,FALSE,11
69,200,NA,FALSE,7
69,352,NA,FALSE,12
69,325,NA,FALSE,11
69,325,NA,FALSE,11
70,228,NA,FALSE,8
70,103,NA,FALSE,4
70,298,NA,FALSE,10
70,347,NA,FALSE,12
70,152,NA,FALSE,6
70,349,NA,FALSE,12
70,235,NA,FALSE,8
70,226,NA,FALSE,8
70,63,NA,FALSE,3
70,253,NA,FALSE,9
70,162,NA,FALSE,6
70,305,NA,FALSE,11
70,53,NA,FALSE,2
70,90,NA,FALSE,3
70,73,NA,FALSE,3
70,85,NA,FALSE,3
70,346,NA,FALSE,12
70,230,NA,FALSE,8
70,231,NA,FALSE,8
70,287,NA,FALSE,10
70,287,NA,FALSE,10
70,49,NA,FALSE,2
70,323,NA,FALSE,11
70,361,NA,FALSE,13
70,302,NA,FALSE,11
70,344,NA,FALSE,12
70,219,NA,FALSE,8
70,178,NA,FALSE,6
70,275,NA,FALSE,10
70,279,NA,FALSE,10
70,335,NA,FALSE,12
70,184,NA,FALSE,7
70,116,NA,FALSE,4
70,260,NA,FALSE,9
70,113,NA,FALSE,4
70,332,NA,FALSE,12
70,43,NA,FALSE,2
70,74,NA,FALSE,3
70,118,NA,FALSE,4
70,39,NA,FALSE,2
70,152,NA,FALSE,6
70,245,NA,FALSE,9
70,49,NA,FALSE,2
70,191,NA,FALSE,7
70,166,NA,FALSE,6
70,66,NA,FALSE,3
70,311,NA,FALSE,11
70,319,NA,FALSE,11
71,126,NA,FALSE,5
71,310,NA,FALSE,11
71,85,NA,FALSE,3
71,46,NA,FALSE,2
71,251,NA,TRUE,9
71,217,NA,FALSE,8
71,313,NA,FALSE,11
71,331,NA,FALSE,12
71,146,NA,FALSE,5
71,326,NA,FALSE,11
71,153,NA,FALSE,6
71,109,NA,FALSE,4
71,38,NA,FALSE,2
71,115,NA,FALSE,4
71,49,NA,FALSE,2
71,175,NA,FALSE,6
71,239,NA,FALSE,8
71,270,NA,FALSE,9
71,197,NA,FALSE,7
71,120,NA,FALSE,4
71,102,NA,FALSE,4
71,112,NA,FALSE,4
71,154,NA,TRUE,6
71,208,NA,FALSE,7
71,215,NA,FALSE,8
71,116,NA,FALSE,4
71,278,NA,FALSE,10
71,154,NA,FALSE,6
71,177,NA,FALSE,6
71,33,NA,FALSE,2
71,134,NA,FALSE,5
71,200,NA,FALSE,7
71,97,NA,FALSE,4
71,128,NA,FALSE,5
71,107,NA,FALSE,4
71,281,NA,FALSE,10
71,142,NA,TRUE,5
71,113,NA,FALSE,4
71,312,NA,FALSE,11
71,344,NA,FALSE,12
71,340,NA,FALSE,12
71,238,NA,FALSE,8
71,314,NA,FALSE,11
72,137,NA,FALSE,5
72,75,NA,FALSE,3
72,173,NA,FALSE,6
72,80,NA,FALSE,3
72,120,NA,FALSE,4
72,300,NA,FALSE,10
72,215,NA,FALSE,8
72,57,NA,FALSE,2
72,141,NA,FALSE,5
72,272,NA,FALSE,10
72,293,NA,FALSE,10
72,194,NA,FALSE,7
72,237,NA,TRUE,8
72,222,NA,FALSE,8
72,252,NA,FALSE,9
72,40,NA,FALSE,2
72,247,NA,FALSE,9
72,357,NA,FALSE,12
72,65,NA,FALSE,3
72,347,NA,FALSE,12
72,272,NA,FALSE,10
72,268,NA,FALSE,9
72,277,NA,FALSE,10
72,139,NA,FALSE,5
72,180,NA,FALSE,6
72,272,NA,FALSE,10
72,125,NA,FALSE,5
72,98,NA,FALSE,4
72,207,NA,FALSE,7
72,352,NA,FALSE,12
72,290,NA,FALSE,10
72,118,NA,FALSE,4
72,226,NA,FALSE,8
72,285,NA,FALSE,10
72,283,NA,FALSE,10
72,178,NA,FALSE,6
72,33,NA,FALSE,2
72,235,NA,FALSE,8
72,235,NA,FALSE,8
72,197,NA,FALSE,7
72,212,NA,FALSE,8
72,347,NA,FALSE,12
72,89,NA,FALSE,3
72,357,NA,FALSE,12
73,360,NA,FALSE,12
73,321,NA,FALSE,11
73,87,NA,FALSE,3
73,314,NA,FALSE,11
73,323,NA,FALSE,11
73,235,NA,FALSE,8
73,185,NA,FALSE,7
73,348,NA,FALSE,12
73,120,NA,FALSE,4
73,193,NA,FALSE,7
73,237,NA,FALSE,8
73,42,NA,FALSE,2
73,232,NA,FALSE,8
73,241,NA,FALSE,9
73,39,NA,FALSE,2
73,244,NA,FALSE,9
73,298,NA,FALSE,10
73,289,NA,FALSE,10
73,59,NA,FALSE,2
73,267,NA,FALSE,9
73,159,NA,FALSE,6
73,119,NA,FALSE,4
73,188,NA,FALSE,7
73,351,NA,FALSE,12
73,144,NA,FALSE,5
73,211,NA,FALSE,8
73,180,NA,FALSE,6
73,91,NA,FALSE,4
73,320,NA,FALSE,11
73,32,NA,FALSE,2
73,192,NA,FALSE,7
73,308,NA,FALSE,11
73,307,NA,FALSE,11
73,354,NA,FALSE,12
73,82,NA,FALSE,3
73,282,NA,FALSE,10
73,117,NA,FALSE,4
73,92,NA,FALSE,4
73,117,NA,FALSE,4
73,134,NA,FALSE,5
73,38,NA,FALSE,2
73,208,NA,FALSE,7
73,36,NA,FALSE,2
73,315,NA,FALSE,11
73,347,NA,FALSE,12
73,54,NA,FALSE,2
73,59,NA,FALSE,2
73,39,NA,FALSE,2
73,68,NA,FALSE,3
73,251,NA,FALSE,9
73,333,NA,FALSE,12
74,85,NA,FALSE,3
74,292,NA,FALSE,10
74,45,NA,FALSE,2
74,250,NA,FALSE,9
74,146,NA,FALSE,5
74,194,NA,FALSE,7
74,103,NA,FALSE,4
74,289,NA,FALSE,10
74,188,NA,FALSE,7
74,116,NA,FALSE,4
74,243,NA,FALSE,9
74,43,NA,FALSE,2
74,103,NA,FALSE,4
74,224,NA,FALSE,8
74,328,NA,FALSE,11
74,74,NA,FALSE,3
74,120,NA,FALSE,4
74,50,NA,FALSE,2
74,103,NA,FALSE,4
74,71,NA,FALSE,3
74,231,NA,FALSE,8
74,168,NA,FALSE,6
74,126,NA,FALSE,5
74,231,NA,FALSE,8
74,97,NA,FALSE,4
74,186,NA,FALSE,7
74,348,NA,FALSE,12
74,361,NA,FALSE,13
74,41,NA,FALSE,2
74,228,NA,FALSE,8
74,207,NA,FALSE,7
74,280,NA,FALSE,10
74,87,NA,FALSE,3
74,283,NA,FALSE,10
74,167,NA,FALSE,6
74,41,NA,FALSE,2
74,88,NA,FALSE,3
74,336,NA,FALSE,12
74,346,NA,FALSE,12
74,59,NA,FALSE,2
74,29,NA,FALSE,1
74,138,NA,FALSE,5
74,258,NA,FALSE,9
74,337,NA,FALSE,12
75,349,NA,FALSE,12
75,186,NA,FALSE,7
75,278,NA,FALSE,10
75,67,NA,FALSE,3
75,84,NA,FALSE,3
75,59,NA,FALSE,2
75,282,NA,FALSE,10
75,186,NA,FALSE,7
75,170,NA,FALSE,6
75,119,NA,FALSE,4
75,187,NA,FALSE,7
75,56,NA,FALSE,2
75,34,NA,FALSE,2
75,170,NA,FALSE,6
75,40,NA,FALSE,2
75,101,NA,FALSE,4
75,325,NA,FALSE,11
75,143,NA,FALSE,5
75,242,NA,FALSE,9
75,185,NA,FALSE,7
75,317,NA,FALSE,11
75,234,NA,FALSE,8
75,100,NA,FALSE,4
75,212,NA,FALSE,8
75,278,NA,FALSE,10
75,227,NA,FALSE,8
75,182,NA,FALSE,7
75,115,NA,FALSE,4
75,158,NA,FALSE,6
75,333,NA,FALSE,12
75,228,NA,FALSE,8
75,284,NA,FALSE,10
75,213,NA,FALSE,8
75,253,NA,FALSE,9
75,304,NA,FALSE,11
75,68,NA,FALSE,3
75,354,NA,FALSE,12
75,31,NA,FALSE,2
75,36,NA,FALSE,2
75,89,NA,FALSE,3
75,126,NA,FALSE,5
75,265,NA,FALSE,9
75,176,NA,FALSE,6
75,143,NA,FALSE,5
75,107,NA,TRUE,4
75,185,NA,FALSE,7
75,64,NA,FALSE,3
75,236,NA,FALSE,8
75,50,NA,FALSE,2
75,267,NA,FALSE,9
75,104,NA,FALSE,4
75,285,NA,TRUE,10
75,252,NA,FALSE,9
75,324,NA,FALSE,11
75,116,NA,FALSE,4
75,191,NA,FALSE,7
76,42,NA,FALSE,2
76,144,NA,FALSE,5
76,332,NA,FALSE,12
76,170,NA,FALSE,6
76,59,NA,FALSE,2
76,322,NA,FALSE,11
76,32,NA,FALSE,2
76,138,NA,FALSE,5
76,315,NA,FALSE,11
76,176,NA,FALSE,6
76,173,NA,FALSE,6
76,332,NA,FALSE,12
76,350,NA,FALSE,12
76,356,NA,FALSE,12
76,291,NA,FALSE,10
76,57,NA,FALSE,2
76,310,NA,FALSE,11
76,184,NA,FALSE,7
76,203,NA,TRUE,7
76,273,NA,FALSE,10
76,87,NA,FALSE,3
76,147,NA,FALSE,5
76,228,NA,FALSE,8
76,337,NA,FALSE,12
76,317,NA,FALSE,11
76,357,NA,FALSE,12
76,245,NA,FALSE,9
76,279,NA,FALSE,10
76,250,NA,FALSE,9
76,175,NA,FALSE,6
76,29,NA,FALSE,1
76,335,NA,FALSE,12
76,187,NA,FALSE,7
76,167,NA,FALSE,6
76,115,NA,FALSE,4
76,230,NA,FALSE,8
76,281,NA,FALSE,10
76,190,NA,FALSE,7
76,146,NA,FALSE,5
76,193,NA,FALSE,7
76,55,NA,FALSE,2
76,218,NA,FALSE,8
76,260,NA,TRUE,9
76,233,NA,FALSE,8
76,251,NA,FALSE,9
76,121,NA,FALSE,5
76,184,NA,FALSE,7
76,198,NA,FALSE,7
76,327,NA,FALSE,11
76,119,NA,FALSE,4
76,167,NA,FALSE,6
76,253,NA,FALSE,9
76,180,NA,FALSE,6
76,85,NA,FALSE,3
76,90,NA,FALSE,3
76,80,NA,FALSE,3
76,213,NA,FALSE,8
76,233,NA,FALSE,8
76,312,NA,FALSE,11
76,343,NA,FALSE,12
76,189,NA,FALSE,7
77,152,NA,FALSE,6
77,275,NA,FALSE,10
77,103,NA,FALSE,4
77,124,NA,FALSE,5
77,330,NA,TRUE,11
77,317,NA,FALSE,11
77,128,NA,FALSE,5
77,177,NA,FALSE,6
77,211,NA,FALSE,8
77,172,NA,FALSE,6
77,318,NA,FALSE,11
77,32,NA,FALSE,2
77,362,NA,FALSE,13
77,344,NA,FALSE,12
77,195,NA,FALSE,7
77,94,NA,FALSE,4
77,279,NA,FALSE,10
77,170,NA,FALSE,6
77,347,NA,FALSE,12
77,169,NA,FALSE,6
77,342,NA,FALSE,12
77,62,NA,FALSE,3
77,200,NA,FALSE,7
77,114,NA,FALSE,4
77,254,NA,FALSE,9
77,204,NA,FALSE,7
77,364,NA,FALSE,13
77,230,NA,FALSE,8
77,135,NA,FALSE,5
77,59,NA,FALSE,2
77,163,NA,FALSE,6
77,73,NA,FALSE,3
77,363,NA,FALSE,13
77,149,NA,FALSE,5
77,331,NA,FALSE,12
77,206,NA,FALSE,7
77,257,NA,FALSE,9
77,120,NA,FALSE,4
77,291,NA,FALSE,10
77,321,NA,FALSE,11
77,101,NA,FALSE,4
77,274,NA,FALSE,10
77,336,NA,FALSE,12
77,321,NA,FALSE,11
77,325,NA,FALSE,11
77,139,NA,FALSE,5
77,72,NA,FALSE,3
77,41,NA,FALSE,2
77,76,NA,FALSE,3
77,144,NA,FALSE,5
77,44,NA,FALSE,2
77,120,NA,FALSE,4
78,274,NA,TRUE,10
78,254,NA,FALSE,9
78,91,NA,FALSE,4
78,355,NA,FALSE,12
78,252,NA,FALSE,9
78,230,NA,FALSE,8
78,109,NA,FALSE,4
78,77,NA,FALSE,3
78,295,NA,FALSE,10
78,222,NA,FALSE,8
78,145,NA,FALSE,5
78,116,NA,FALSE,4
78,203,NA,FALSE,7
78,132,NA,FALSE,5
78,162,NA,FALSE,6
78,162,NA,FALSE,6
78,35,NA,FALSE,2
78,352,NA,FALSE,12
78,278,NA,FALSE,10
78,218,NA,FALSE,8
78,220,NA,FALSE,8
78,301,NA,FALSE,11
78,209,NA,FALSE,7
78,168,NA,FALSE,6
78,153,NA,FALSE,6
78,306,NA,FALSE,11
78,43,NA,FALSE,2
78,75,NA,FALSE,3
78,226,NA,FALSE,8
78,334,NA,FALSE,12
78,251,NA,FALSE,9
78,158,NA,FALSE,6
78,289,NA,FALSE,10
78,234,NA,FALSE,8
78,313,NA,FALSE,11
78,205,NA,FALSE,7
78,313,NA,FALSE,11
78,198,NA,FALSE,7
78,226,NA,FALSE,8
78,231,NA,FALSE,8
78,226,NA,FALSE,8
78,64,NA,FALSE,3
78,70,NA,FALSE,3
78,59,NA,FALSE,2
78,168,NA,FALSE,6
78,242,NA,FALSE,9
78,59,NA,FALSE,2
78,263,NA,FALSE,9
78,103,NA,FALSE,4
78,318,NA,FALSE,11
78,311,NA,FALSE,11
78,46,NA,FALSE,2
78,62,NA,FALSE,3
78,350,NA,FALSE,12
78,87,NA,FALSE,3
78,332,NA,FALSE,12
78,268,NA,FALSE,9
78,250,NA,FALSE,9
79,138,NA,FALSE,5
79,125,NA,FALSE,5
79,227,NA,FALSE,8
79,181,NA,FALSE,7
79,73,NA,FALSE,3
79,238,NA,FALSE,8
79,319,NA,FALSE,11
79,199,NA,FALSE,7
79,65,NA,FALSE,3
79,294,NA,FALSE,10
79,212,NA,FALSE,8
79,71,NA,FALSE,3
79,226,NA,FALSE,8
79,154,NA,FALSE,6
79,326,NA,FALSE,11
79,194,NA,FALSE,7
79,213,NA,FALSE,8
79,185,NA,FALSE,7
79,194,NA,FALSE,7
79,237,NA,FALSE,8
79,157,NA,FALSE,6
79,63,NA,FALSE,3
79,150,NA,FALSE,5
79,334,NA,FALSE,12
79,187,NA,FALSE,7
79,132,NA,FALSE,5
79,241,NA,FALSE,9
79,183,NA,FALSE,7
79,208,NA,FALSE,7
79,99,NA,FALSE,4
79,315,NA,FALSE,11
79,221,NA,FALSE,8
79,59,NA,FALSE,2
79,193,NA,FALSE,7
79,91,NA,FALSE,4
79,332,NA,FALSE,12
79,327,NA,FALSE,11
79,142,NA,FALSE,5
79,175,NA,FALSE,6
79,59,NA,FALSE,2
79,91,NA,FALSE,4
79,223,NA,FALSE,8
79,70,NA,FALSE,3
79,334,NA,FALSE,12
79,190,NA,FALSE,7
79,220,NA,TRUE,8
79,87,NA,FALSE,3
79,82,NA,FALSE,3
79,268,NA,FALSE,9
79,175,NA,FALSE,6
79,185,NA,FALSE,7
79,85,NA,FALSE,3
79,293,NA,FALSE,10
79,330,NA,FALSE,11
79,90,NA,FALSE,3
79,83,NA,FALSE,3
79,38,NA,FALSE,2
79,352,NA,FALSE,12
80,202,NA,FALSE,7
80,162,NA,FALSE,6
80,261,NA,FALSE,9
80,41,NA,FALSE,2
80,179,NA,FALSE,6
80,70,NA,FALSE,3
80,331,NA,FALSE,12
80,184,NA,FALSE,7
80,210,NA,FALSE,7
80,106,NA,FALSE,4
80,350,NA,FALSE,12
80,183,NA,FALSE,7
80,105,NA,FALSE,4
80,97,NA,FALSE,4
80,286,NA,FALSE,10
80,250,NA,FALSE,9
80,326,NA,FALSE,11
80,347,NA,FALSE,12
80,148,NA,FALSE,5
80,72,NA,FALSE,3
80,255,NA,FALSE,9
80,126,NA,FALSE,5
80,236,NA,FALSE,8
80,65,NA,FALSE,3
80,248,NA,FALSE,9
80,315,NA,FALSE,11
80,260,NA,FALSE,9
80,352,NA,FALSE,12
80,57,NA,FALSE,2
80,215,NA,FALSE,8
80,195,NA,FALSE,7
80,236,NA,FALSE,8
80,118,NA,FALSE,4
80,311,NA,FALSE,11
80,107,NA,FALSE,4
80,202,NA,FALSE,7
80,289,NA,FALSE,10
80,50,NA,FALSE,2
80,122,NA,FALSE,5
80,53,NA,FALSE,2
80,363,NA,FALSE,13
80,343,NA,FALSE,12
80,68,NA,FALSE,3
80,78,NA,FALSE,3
80,138,NA,FALSE,5
80,245,NA,FALSE,9
80,296,NA,FALSE,10
80,326,NA,FALSE,11
80,316,NA,FALSE,11
80,355,NA,TRUE,12
80,113,NA,FALSE,4
80,287,NA,FALSE,10
80,102,NA,FALSE,4
80,169,NA,FALSE,6
81,99,NA,FALSE,4
81,123,NA,FALSE,5
81,121,NA,FALSE,5
81,286,NA,FALSE,10
81,118,NA,FALSE,4
81,61,NA,FALSE,3
81,322,NA,FALSE,11
81,87,NA,FALSE,3
81,253,NA,FALSE,9
81,176,NA,FALSE,6
81,267,NA,FALSE,9
81,132,NA,FALSE,5
81,348,NA,FALSE,12
81,355,NA,FALSE,12
81,254,NA,FALSE,9
81,269,NA,FALSE,9
81,171,NA,FALSE,6
81,355,NA,FALSE,12
81,122,NA,FALSE,5
81,283,NA,FALSE,10
81,233,NA,FALSE,8
81,311,NA,FALSE,11
81,326,NA,FALSE,11
81,228,NA,FALSE,8
81,356,NA,FALSE,12
81,284,NA,FALSE,10
81,63,NA,FALSE,3
81,76,NA,FALSE,3
81,212,NA,FALSE,8
81,140,NA,FALSE,5
81,334,NA,FALSE,12
81,346,NA,FALSE,12
81,61,NA,FALSE,3
81,321,NA,FALSE,11
81,80,NA,FALSE,3
81,117,NA,FALSE,4
81,84,NA,FALSE,3
81,244,NA,FALSE,9
81,106,NA,FALSE,4
81,33,NA,FALSE,2
81,258,NA,FALSE,9
81,39,NA,FALSE,2
81,88,NA,FALSE,3
81,126,NA,FALSE,5
81,232,NA,FALSE,8
81,348,NA,FALSE,12
81,36,NA,FALSE,2
81,61,NA,TRUE,3
81,79,NA,FALSE,3
81,272,NA,FALSE,10
81,333,NA,FALSE,12
81,223,NA,FALSE,8
81,221,NA,FALSE,8
81,274,NA,FALSE,10
81,325,NA,FALSE,11
81,202,NA,FALSE,7
81,343,NA,FALSE,12
81,55,NA,FALSE,2
81,278,NA,FALSE,10
81,318,NA,FALSE,11
81,186,NA,FALSE,7
81,125,NA,FALSE,5
81,80,NA,FALSE,3
82,70,NA,FALSE,3
82,37,NA,FALSE,2
82,158,NA,FALSE,6
82,343,NA,FALSE,12
82,63,NA,FALSE,3
82,53,NA,FALSE,2
82,181,NA,FALSE,7
82,54,NA,FALSE,2
82,71,NA,FALSE,3
82,58,NA,FALSE,2
82,143,NA,FALSE,5
82,120,NA,FALSE,4
82,190,NA,FALSE,7
82,166,NA,FALSE,6
82,319,NA,FALSE,11
82,159,NA,FALSE,6
82,295,NA,FALSE,10
82,239,NA,FALSE,8
82,34,NA,FALSE,2
82,62,NA,FALSE,3
82,285,NA,FALSE,10
82,323,NA,FALSE,11
82,88,NA,FALSE,3
82,137,NA,FALSE,5
82,249,NA,FALSE,9
82,87,NA,FALSE,3
82,158,NA,FALSE,6
82,42,NA,FALSE,2
82,310,NA,FALSE,11
82,78,NA,FALSE,3
82,312,NA,FALSE,11
82,205,NA,FALSE,7
82,63,NA,FALSE,3
82,74,NA,FALSE,3
82,324,NA,FALSE,11
82,109,NA,FALSE,4
82,129,NA,FALSE,5
82,233,NA,FALSE,8
82,348,NA,FALSE,12
82,47,NA,FALSE,2
82,29,NA,FALSE,1
82,88,NA,FALSE,3
82,312,NA,FALSE,11
82,272,NA,FALSE,10
82,281,NA,FALSE,10
82,169,NA,FALSE,6
82,277,NA,FALSE,10
82,111,NA,FALSE,4
82,101,NA,FALSE,4
83,203,NA,FALSE,7
83,271,NA,FALSE,10
83,132,NA,FALSE,5
83,249,NA,FALSE,9
83,259,NA,FALSE,9
83,205,NA,FALSE,7
83,148,NA,FALSE,5
83,150,NA,FALSE,5
83,306,NA,FALSE,11
83,359,NA,FALSE,12
83,134,NA,FALSE,5
83,110,NA,FALSE,4
83,69,NA,FALSE,3
83,281,NA,FALSE,10
83,344,NA,FALSE,12
83,193,NA,FALSE,7
83,238,NA,FALSE,8
83,303,NA,FALSE,11
83,32,NA,FALSE,2
83,143,NA,FALSE,5
83,299,NA,FALSE,10
83,188,NA,FALSE,7
83,212,NA,FALSE,8
83,317,NA,FALSE,11
83,355,NA,FALSE,12
83,286,NA,FALSE,10
83,341,NA,FALSE,12
83,238,NA,FALSE,8
83,346,NA,FALSE,12
83,256,NA,FALSE,9
83,319,NA,FALSE,11
83,175,NA,FALSE,6
83,290,NA,FALSE,10
83,69,NA,FALSE,3
83,151,NA,FALSE,6
83,76,NA,FALSE,3
83,316,NA,FALSE,11
83,121,NA,FALSE,5
83,101,NA,FALSE,4
83,287,NA,FALSE,10
83,191,NA,FALSE,7
83,202,NA,FALSE,7
83,350,NA,FALSE,12
83,54,NA,FALSE,2
83,149,NA,FALSE,5
83,166,NA,FALSE,6
83,189,NA,TRUE,7
83,268,NA,FALSE,9
83,344,NA,FALSE,12
83,294,NA,FALSE,10
83,35,NA,FALSE,2
83,339,NA,FALSE,12
83,321,NA,FALSE,11
83,344,NA,FALSE,12
83,73,NA,FALSE,3
83,215,NA,FALSE,8
83,32,NA,FALSE,2
83,58,NA,FALSE,2
84,246,NA,FALSE,9
84,35,NA,FALSE,2
84,92,NA,FALSE,4
84,351,NA,FALSE,12
84,302,NA,FALSE,11
84,226,NA,FALSE,8
84,355,NA,FALSE,12
84,153,NA,FALSE,6
84,65,NA,FALSE,3
84,52,NA,FALSE,2
84,294,NA,FALSE,10
84,69,NA,FALSE,3
84,199,NA,FALSE,7
84,163,NA,TRUE,6
84,144,NA,FALSE,5
84,77,NA,FALSE,3
84,195,NA,FALSE,7
84,261,NA,FALSE,9
84,33,NA,FALSE,2
84,109,NA,FALSE,4
84,264,NA,FALSE,9
84,128,NA,FALSE,5
84,111,NA,FALSE,4
84,283,NA,FALSE,10
84,162,NA,FALSE,6
84,198,NA,FALSE,7
84,312,NA,FALSE,11
84,218,NA,FALSE,8
84,151,NA,FALSE,6
84,292,NA,FALSE,10
84,48,NA,FALSE,2
84,186,NA,FALSE,7
84,266,NA,FALSE,9
84,154,NA,FALSE,6
84,249,NA,FALSE,9
84,81,NA,FALSE,3
84,158,NA,FALSE,6
84,356,NA,FALSE,12
84,321,NA,FALSE,11
84,147,NA,FALSE,5
84,274,NA,FALSE,10
84,140,NA,FALSE,5
84,133,NA,FALSE,5
84,244,NA,FALSE,9
84,200,NA,FALSE,7
84,160,NA,FALSE,6
84,196,NA,FALSE,7
84,59,NA,FALSE,2
84,347,NA,FALSE,12
84,342,NA,FALSE,12
84,183,NA,FALSE,7
84,91,NA,FALSE,4
85,343,NA,FALSE,12
85,135,NA,FALSE,5
85,197,NA,FALSE,7
85,263,NA,FALSE,9
85,177,NA,FALSE,6
85,200,NA,FALSE,7
85,200,NA,FALSE,7
85,133,NA,FALSE,5
85,198,NA,FALSE,7
85,181,NA,FALSE,7
85,329,NA,FALSE,11
85,160,NA,FALSE,6
85,360,NA,FALSE,12
85,276,NA,FALSE,10
85,146,NA,FALSE,5
85,190,NA,FALSE,7
85,225,NA,FALSE,8
85,253,NA,FALSE,9
85,246,NA,FALSE,9
85,315,NA,FALSE,11
85,110,NA,FALSE,4
85,194,NA,FALSE,7
85,173,NA,FALSE,6
85,188,NA,FALSE,7
85,74,NA,FALSE,3
85,82,NA,FALSE,3
85,144,NA,FALSE,5
85,46,NA,TRUE,2
85,35,NA,FALSE,2
85,315,NA,FALSE,11
85,100,NA,FALSE,4
85,235,NA,FALSE,8
85,67,NA,FALSE,3
85,319,NA,FALSE,11
85,234,NA,FALSE,8
85,62,NA,FALSE,3
85,121,NA,FALSE,5
85,111,NA,FALSE,4
85,198,NA,FALSE,7
85,136,NA,FALSE,5
85,239,NA,FALSE,8
85,346,NA,FALSE,12
85,152,NA,FALSE,6
85,213,NA,FALSE,8
85,218,NA,FALSE,8
85,255,NA,FALSE,9
85,113,NA,FALSE,4
85,96,NA,FALSE,4
85,350,NA,TRUE,12
85,338,NA,FALSE,12
86,243,NA,FALSE,9
86,298,NA,FALSE,10
86,186,NA,FALSE,7
86,208,NA,FALSE,7
86,323,NA,FALSE,11
86,74,NA,FALSE,3
86,140,NA,FALSE,5
86,262,NA,FALSE,9
86,42,NA,FALSE,2
86,55,NA,FALSE,2
86,48,NA,FALSE,2
86,132,NA,FALSE,5
86,84,NA,FALSE,3
86,173,NA,FALSE,6
86,300,NA,FALSE,10
86,326,NA,FALSE,11
86,75,NA,FALSE,3
86,204,NA,FALSE,7
86,290,NA,FALSE,10
86,98,NA,FALSE,4
86,205,NA,FALSE,7
86,223,NA,FALSE,8
86,360,NA,FALSE,12
86,170,NA,TRUE,6
86,151,NA,FALSE,6
86,69,NA,FALSE,3
86,163,NA,FALSE,6
86,105,NA,FALSE,4
86,303,NA,FALSE,11
86,297,NA,FALSE,10
86,59,NA,FALSE,2
86,298,NA,FALSE,10
86,142,NA,FALSE,5
86,251,NA,FALSE,9
86,338,NA,FALSE,12
86,97,NA,FALSE,4
86,86,NA,FALSE,3
86,96,NA,FALSE,4
86,161,NA,FALSE,6
86,263,NA,FALSE,9
86,212,NA,FALSE,8
86,230,NA,FALSE,8
86,209,NA,FALSE,7
86,331,NA,FALSE,12
86,123,NA,FALSE,5
86,290,NA,FALSE,10
86,164,NA,FALSE,6
86,209,NA,FALSE,7
86,216,NA,TRUE,8
86,182,NA,FALSE,7
86,47,NA,FALSE,2
86,36,NA,FALSE,2
86,91,NA,FALSE,4
86,91,NA,FALSE,4
86,324,NA,FALSE,11
86,39,NA,FALSE,2
87,327,NA,FALSE,11
87,338,NA,FALSE,12
87,94,NA,FALSE,4
87,221,NA,FALSE,8
87,209,NA,FALSE,7
87,307,NA,FALSE,11
87,79,NA,FALSE,3
87,81,NA,FALSE,3
87,276,NA,FALSE,10
87,212,NA,FALSE,8
87,355,NA,FALSE,12
87,37,NA,FALSE,2
87,167,NA,FALSE,6
87,338,NA,FALSE,12
87,231,NA,FALSE,8
87,228,NA,FALSE,8
87,108,NA,FALSE,4
87,94,NA,FALSE,4
87,58,NA,FALSE,2
87,71,NA,FALSE,3
87,115,NA,FALSE,4
87,206,NA,FALSE,7
87,310,NA,FALSE,11
87,252,NA,FALSE,9
87,223,NA,FALSE,8
87,325,NA,FALSE,11
87,240,NA,TRUE,8
87,49,NA,FALSE,2
87,326,NA,FALSE,11
87,117,NA,FALSE,4
87,238,NA,FALSE,8
87,352,NA,FALSE,12
87,219,NA,FALSE,8
87,90,NA,FALSE,3
87,74,NA,FALSE,3
87,85,NA,FALSE,3
87,303,NA,FALSE,11
87,196,NA,FALSE,7
87,320,NA,FALSE,11
87,193,NA,FALSE,7
87,31,NA,FALSE,2
87,204,NA,FALSE,7
87,268,NA,FALSE,9
87,362,NA,FALSE,13
87,184,NA,FALSE,7
87,236,NA,FALSE,8
87,311,NA,FALSE,11
87,224,NA,FALSE,8
87,214,NA,FALSE,8
87,202,NA,FALSE,7
88,272,NA,FALSE,10
88,293,NA,FALSE,10
88,333,NA,FALSE,12
88,137,NA,FALSE,5
88,69,NA,FALSE,3
88,178,NA,FALSE,6
88,352,NA,FALSE,12
88,256,NA,FALSE,9
88,325,NA,FALSE,11
88,152,NA,FALSE,6
88,171,NA,FALSE,6
88,268,NA,FALSE,9
88,291,NA,FALSE,10
88,242,NA,FALSE,9
88,299,NA,FALSE,10
88,225,NA,FALSE,8
88,101,NA,FALSE,4
88,259,NA,FALSE,9
88,152,NA,FALSE,6
88,335,NA,FALSE,12
88,299,NA,FALSE,10
88,286,NA,FALSE,10
88,88,NA,FALSE,3
88,217,NA,FALSE,8
88,268,NA,FALSE,9
88,58,NA,FALSE,2
88,260,NA,FALSE,9
88,88,NA,FALSE,3
88,89,NA,FALSE,3
88,213,NA,FALSE,8
88,287,NA,FALSE,10
88,57,NA,FALSE,2
88,346,NA,FALSE,12
88,110,NA,FALSE,4
88,211,NA,FALSE,8
88,72,NA,FALSE,3
88,127,NA,FALSE,5
88,46,NA,FALSE,2
88,45,NA,FALSE,2
88,317,NA,FALSE,11
88,278,NA,FALSE,10
88,34,NA,FALSE,2
88,90,NA,FALSE,3
88,160,NA,FALSE,6
88,297,NA,FALSE,10
88,260,NA,FALSE,9
88,282,NA,FALSE,10
88,295,NA,FALSE,10
89,84,NA,FALSE,3
89,192,NA,FALSE,7
89,222,NA,FALSE,8
89,194,NA,FALSE,7
89,80,NA,FALSE,3
89,197,NA,FALSE,7
89,139,NA,FALSE,5
89,138,NA,FALSE,5
89,260,NA,FALSE,9
89,152,NA,FALSE,6
89,183,NA,FALSE,7
89,334,NA,FALSE,12
89,362,NA,FALSE,13
89,288,NA,FALSE,10
89,121,NA,FALSE,5
89,63,NA,FALSE,3
89,158,NA,TRUE,6
89,300,NA,FALSE,10
89,143,NA,FALSE,5
89,260,NA,FALSE,9
89,63,NA,FALSE,3
89,133,NA,FALSE,5
89,266,NA,FALSE,9
89,89,NA,FALSE,3
89,157,NA,FALSE,6
89,190,NA,FALSE,7
89,339,NA,FALSE,12
89,317,NA,FALSE,11
89,100,NA,FALSE,4
89,90,NA,FALSE,3
89,219,NA,FALSE,8
89,215,NA,FALSE,8
89,230,NA,FALSE,8
89,251,NA,FALSE,9
89,125,NA,FALSE,5
89,75,NA,FALSE,3
89,217,NA,FALSE,8
89,255,NA,FALSE,9
89,239,NA,FALSE,8
89,290,NA,FALSE,10
89,341,NA,FALSE,12
89,265,NA,FALSE,9
89,308,NA,TRUE,11
89,314,NA,FALSE,11
89,60,NA,FALSE,2
89,180,NA,FALSE,6
89,72,NA,FALSE,3
89,141,NA,FALSE,5
89,324,NA,FALSE,11
89,310,NA,TRUE,11
89,300,NA,FALSE,10
89,333,NA,TRUE,12
89,270,NA,FALSE,9
89,117,NA,FALSE,4
89,241,NA,FALSE,9
89,216,NA,FALSE,8
90,29,NA,FALSE,1
90,322,NA,FALSE,11
90,54,NA,FALSE,2
90,288,NA,FALSE,10
90,213,NA,FALSE,8
90,265,NA,FALSE,9
90,208,NA,FALSE,7
90,236,NA,FALSE,8
90,254,NA,FALSE,9
90,179,NA,FALSE,6
90,291,NA,FALSE,10
90,223,NA,FALSE,8
90,317,NA,FALSE,11
90,47,NA,FALSE,2
90,218,NA,FALSE,8
90,64,NA,FALSE,3
90,47,NA,FALSE,2
90,195,NA,FALSE,7
90,153,NA,FALSE,6
90,285,NA,FALSE,10
90,225,NA,FALSE,8
90,143,NA,FALSE,5
90,276,NA,FALSE,10
90,249,NA,FALSE,9
90,332,NA,FALSE,12
90,186,NA,FALSE,7
90,123,NA,FALSE,5
90,157,NA,FALSE,6
90,69,NA,FALSE,3
90,150,NA,FALSE,5
90,297,NA,FALSE,10
90,343,NA,FALSE,12
90,177,NA,FALSE,6
90,218,NA,FALSE,8
90,65,NA,TRUE,3
90,44,NA,FALSE,2
90,322,NA,FALSE,11
90,189,NA,FALSE,7
90,50,NA,FALSE,2
90,251,NA,FALSE,9
90,61,NA,FALSE,3
90,261,NA,FALSE,9
90,211,NA,FALSE,8
90,289,NA,FALSE,10
90,183,NA,FALSE,7
90,274,NA,FALSE,10
90,228,NA,FALSE,8
90,287,NA,FALSE,10
90,360,NA,FALSE,12
90,139,NA,FALSE,5
90,209,NA,FALSE,7
90,346,NA,FALSE,12
90,360,NA,FALSE,12
90,246,NA,FALSE,9
90,159,NA,FALSE,6
90,343,NA,FALSE,12
90,289,NA,FALSE,10
91,213,NA,FALSE,8
91,96,NA,FALSE,4
91,152,NA,FALSE,6
91,100,NA,FALSE,4
91,198,NA,FALSE,7
91,207,NA,FALSE,7
91,201,NA,FALSE,7
91,260,NA,FALSE,9
91,245,NA,FALSE,9
91,200,NA,FALSE,7
91,186,NA,FALSE,7
91,334,NA,FALSE,12
91,247,NA,FALSE,9
91,77,NA,FALSE,3
91,352,NA,FALSE,12
91,134,NA,FALSE,5
91,201,NA,FALSE,7
91,122,NA,FALSE,5
91,68,NA,FALSE,3
91,211,NA,FALSE,8
91,249,NA,FALSE,9
91,122,NA,FALSE,5
91,195,NA,FALSE,7
91,158,NA,FALSE,6
91,182,NA,FALSE,7
91,316,NA,FALSE,11
91,184,NA,FALSE,7
91,255,NA,FALSE,9
91,258,NA,FALSE,9
91,148,NA,FALSE,5
91,262,NA,FALSE,9
91,300,NA,FALSE,10
91,93,NA,FALSE,4
91,255,NA,FALSE,9
91,362,NA,FALSE,13
91,273,NA,FALSE,10
91,306,NA,TRUE,11
91,281,NA,FALSE,10
91,214,NA,FALSE,8
91,159,NA,FALSE,6
91,318,NA,FALSE,11
91,233,NA,FALSE,8
91,280,NA,FALSE,10
91,298,NA,FALSE,10
91,178,NA,FALSE,6
91,345,NA,FALSE,12
91,241,NA,FALSE,9
92,54,NA,FALSE,2
92,47,NA,FALSE,2
92,230,NA,FALSE,8
92,62,NA,FALSE,3
92,280,NA,FALSE,10
92,230,NA,FALSE,8
92,131,NA,FALSE,5
92,157,NA,FALSE,6
92,35,NA,FALSE,2
92,84,NA,FALSE,3
92,220,NA,FALSE,8
92,134,NA,FALSE,5
92,346,NA,FALSE,12
92,150,NA,FALSE,5
92,67,NA,FALSE,3
92,36,NA,FALSE,2
92,68,NA,FALSE,3
92,124,NA,FALSE,5
92,146,NA,FALSE,5
92,204,NA,FALSE,7
92,144,NA,FALSE,5
92,255,NA,FALSE,9
92,130,NA,FALSE,5
92,253,NA,FALSE,9
92,83,NA,FALSE,3
92,313,NA,FALSE,11
92,54,NA,FALSE,2
92,269,NA,FALSE,9
92,57,NA,FALSE,2
92,190,NA,FALSE,7
92,87,NA,FALSE,3
92,245,NA,FALSE,9
92,74,NA,FALSE,3
92,149,NA,FALSE,5
92,203,NA,FALSE,7
92,287,NA,FALSE,10
92,67,NA,FALSE,3
92,51,NA,FALSE,2
92,33,NA,FALSE,2
92,99,NA,FALSE,4
92,346,NA,FALSE,12
92,364,NA,FALSE,13
92,97,NA,FALSE,4
92,228,NA,FALSE,8
92,210,NA,TRUE,7
92,177,NA,FALSE,6
92,103,NA,FALSE,4
92,30,NA,FALSE,1
92,252,NA,FALSE,9
92,350,NA,FALSE,12
92,151,NA,FALSE,6
92,337,NA,FALSE,12
92,147,NA,FALSE,5
92,332,NA,FALSE,12
92,219,NA,FALSE,8
92,108,NA,FALSE,4
92,217,NA,FALSE,8
93,117,NA,TRUE,4
93,74,NA,FALSE,3
93,323,NA,FALSE,11
93,89,NA,FALSE,3
93,154,NA,FALSE,6
93,72,NA,FALSE,3
93,44,NA,FALSE,2
93,192,NA,FALSE,7
93,187,NA,FALSE,7
93,298,NA,FALSE,10
93,283,NA,FALSE,10
93,282,NA,FALSE,10
93,321,NA,FALSE,11
93,252,NA,FALSE,9
93,41,NA,FALSE,2
93,53,NA,FALSE,2
93,277,NA,FALSE,10
93,319,NA,FALSE,11
93,71,NA,FALSE,3
93,181,NA,FALSE,7
93,124,NA,FALSE,5
93,255,NA,FALSE,9
93,150,NA,FALSE,5
93,175,NA,FALSE,6
93,333,NA,FALSE,12
93,83,NA,FALSE,3
93,151,NA,FALSE,6
93,42,NA,FALSE,2
93,298,NA,FALSE,10
93,334,NA,TRUE,12
93,49,NA,FALSE,2
93,166,NA,FALSE,6
93,53,NA,FALSE,2
93,141,NA,FALSE,5
93,225,NA,FALSE,8
93,165,NA,FALSE,6
93,72,NA,FALSE,3
93,354,NA,FALSE,12
93,103,NA,FALSE,4
93,271,NA,FALSE,10
93,113,NA,FALSE,4
93,122,NA,FALSE,5
93,150,NA,FALSE,5
93,134,NA,FALSE,5
93,150,NA,FALSE,5
93,92,NA,FALSE,4
93,152,NA,FALSE,6
94,279,NA,FALSE,10
94,327,NA,FALSE,11
94,362,NA,FALSE,13
94,228,NA,FALSE,8
94,51,NA,FALSE,2
94,327,NA,FALSE,11
94,223,NA,FALSE,8
94,207,NA,FALSE,7
94,147,NA,FALSE,5
94,198,NA,FALSE,7
94,154,NA,FALSE,6
94,363,NA,FALSE,13
94,249,NA,FALSE,9
94,279,NA,TRUE,10
94,184,NA,FALSE,7
94,295,NA,FALSE,10
94,315,NA,FALSE,11
94,142,NA,FALSE,5
94,166,NA,FALSE,6
94,178,NA,FALSE,6
94,314,NA,FALSE,11
94,53,NA,FALSE,2
94,232,NA,FALSE,8
94,272,NA,FALSE,10
94,165,NA,FALSE,6
94,148,NA,FALSE,5
94,238,NA,FALSE,8
94,246,NA,FALSE,9
94,277,NA,FALSE,10
94,34,NA,FALSE,2
94,325,NA,FALSE,11
94,119,NA,FALSE,4
94,196,NA,FALSE,7
94,91,NA,FALSE,4
94,69,NA,FALSE,3
94,192,NA,FALSE,7
94,159,NA,FALSE,6
94,310,NA,FALSE,11
94,152,NA,FALSE,6
94,324,NA,FALSE,11
94,308,NA,FALSE,11
94,214,NA,FALSE,8
94,87,NA,FALSE,3
95,175,NA,FALSE,6
95,311,NA,FALSE,11
95,327,NA,FALSE,11
95,131,NA,FALSE,5
95,225,NA,FALSE,8
95,115,NA,FALSE,4
95,310,NA,FALSE,11
95,184,NA,FALSE,7
95,329,NA,FALSE,11
95,237,NA,FALSE,8
95,203,NA,FALSE,7
95,82,NA,FALSE,3
95,253,NA,FALSE,9
95,318,NA,TRUE,11
95,280,NA,TRUE,10
95,42,NA,FALSE,2
95,339,NA,FALSE,12
95,312,NA,FALSE,11
95,364,NA,FALSE,13
95,147,NA,FALSE,5
95,241,NA,FALSE,9
95,290,NA,FALSE,10
95,354,NA,FALSE,12
95,296,NA,FALSE,10
95,60,NA,FALSE,2
95,158,NA,FALSE,6
95,260,NA,FALSE,9
95,280,NA,FALSE,10
95,102,NA,FALSE,4
95,100,NA,FALSE,4
95,231,NA,FALSE,8
95,364,NA,FALSE,13
95,319,NA,FALSE,11
95,325,NA,FALSE,11
95,87,NA,FALSE,3
95,245,NA,FALSE,9
95,155,NA,FALSE,6
95,58,NA,FALSE,2
95,351,NA,FALSE,12
95,236,NA,FALSE,8
95,289,NA,FALSE,10
95,104,NA,FALSE,4
95,343,NA,FALSE,12
95,261,NA,FALSE,9
96,357,NA,FALSE,12
96,235,NA,FALSE,8
96,189,NA,FALSE,7
96,345,NA,FALSE,12
96,123,NA,FALSE,5
96,296,NA,FALSE,10
96,93,NA,FALSE,4
96,260,NA,FALSE,9
96,32,NA,FALSE,2
96,215,NA,FALSE,8
96,208,NA,FALSE,7
96,277,NA,FALSE,10
96,132,NA,FALSE,5
96,208,NA,FALSE,7
96,91,NA,FALSE,4
96,117,NA,FALSE,4
96,83,NA,FALSE,3
96,352,NA,FALSE,12
96,86,NA,FALSE,3
96,353,NA,FALSE,12
96,131,NA,FALSE,5
96,200,NA,FALSE,7
96,67,NA,FALSE,3
96,350,NA,FALSE,12
96,332,NA,FALSE,12
96,262,NA,FALSE,9
96,30,NA,FALSE,1
96,313,NA,FALSE,11
96,192,NA,FALSE,7
96,169,NA,FALSE,6
96,110,NA,FALSE,4
96,185,NA,FALSE,7
96,233,NA,FALSE,8
96,114,NA,FALSE,4
96,97,NA,FALSE,4
96,353,NA,FALSE,12
96,303,NA,FALSE,11
96,206,NA,FALSE,7
96,77,NA,FALSE,3
96,246,NA,FALSE,9
96,149,NA,FALSE,5
96,202,NA,FALSE,7
96,93,NA,FALSE,4
96,314,NA,FALSE,11
96,104,NA,FALSE,4
96,272,NA,FALSE,10
96,185,NA,FALSE,7
96,89,NA,FALSE,3
96,335,NA,FALSE,12
96,216,NA,FALSE,8
96,323,NA,FALSE,11
96,275,NA,FALSE,10
96,30,NA,FALSE,1
96,165,NA,FALSE,6
96,97,NA,FALSE,4
97,113,NA,FALSE,4
97,325,NA,TRUE,11
97,303,NA,FALSE,11
97,227,NA,FALSE,8
97,74,NA,FALSE,3
97,43,NA,FALSE,2
97,44,NA,FALSE,2
97,202,NA,FALSE,7
97,54,NA,FALSE,2
97,303,NA,FALSE,11
97,51,NA,FALSE,2
97,345,NA,FALSE,12
97,308,NA,FALSE,11
97,352,NA,FALSE,12
97,345,NA,FALSE,12
97,105,NA,FALSE,4
97,212,NA,FALSE,8
97,135,NA,FALSE,5
97,309,NA,FALSE,11
97,169,NA,FALSE,6
97,280,NA,FALSE,10
97,63,NA,FALSE,3
97,289,NA,FALSE,10
97,293,NA,FALSE,10
97,197,NA,FALSE,7
97,107,NA,FALSE,4
97,83,NA,FALSE,3
97,140,NA,FALSE,5
97,88,NA,FALSE,3
97,129,NA,FALSE,5
97,117,NA,FALSE,4
97,259,NA,FALSE,9
97,340,NA,FALSE,12
97,147,NA,FALSE,5
97,228,NA,FALSE,8
97,360,NA,FALSE,12
97,65,NA,FALSE,3
97,345,NA,FALSE,12
97,174,NA,FALSE,6
97,315,NA,FALSE,11
97,215,NA,FALSE,8
97,97,NA,FALSE,4
97,115,NA,FALSE,4
98,345,NA,FALSE,12
98,346,NA,FALSE,12
98,214,NA,FALSE,8
98,77,NA,FALSE,3
98,336,NA,FALSE,12
98,203,NA,FALSE,7
98,53,NA,FALSE,2
98,87,NA,FALSE,3
98,152,NA,FALSE,6
98,339,NA,FALSE,12
98,322,NA,FALSE,11
98,217,NA,FALSE,8
98,136,NA,FALSE,5
98,171,NA,FALSE,6
98,238,NA,FALSE,8
98,325,NA,FALSE,11
98,194,NA,FALSE,7
98,338,NA,FALSE,12
98,82,NA,FALSE,3
98,182,NA,FALSE,7
98,318,NA,FALSE,11
98,155,NA,FALSE,6
98,48,NA,FALSE,2
98,240,NA,FALSE,8
98,363,NA,FALSE,13
98,285,NA,FALSE,10
98,87,NA,FALSE,3
98,68,NA,FALSE,3
98,294,NA,FALSE,10
98,31,NA,FALSE,2
98,32,NA,FALSE,2
98,334,NA,FALSE,12
98,44,NA,FALSE,2
98,102,NA,FALSE,4
98,90,NA,FALSE,3
98,85,NA,FALSE,3
98,65,NA,FALSE,3
98,211,NA,FALSE,8
98,268,NA,FALSE,9
98,188,NA,FALSE,7
98,32,NA,FALSE,2
98,276,NA,FALSE,10
99,201,NA,FALSE,7
99,307,NA,FALSE,11
99,295,NA,FALSE,10
99,242,NA,FALSE,9
99,104,NA,FALSE,4
99,80,NA,FALSE,3
99,125,NA,FALSE,5
99,268,NA,FALSE,9
99,243,NA,FALSE,9
99,243,NA,FALSE,9
99,134,NA,FALSE,5
99,361,NA,FALSE,13
99,259,NA,FALSE,9
99,174,NA,FALSE,6
99,49,NA,FALSE,2
99,160,NA,FALSE,6
99,159,NA,FALSE,6
99,286,NA,FALSE,10
99,330,NA,FALSE,11
99,133,NA,FALSE,5
99,346,NA,FALSE,12
99,363,NA,TRUE,13
99,322,NA,FALSE,11
99,332,NA,FALSE,12
99,348,NA,FALSE,12
99,260,NA,FALSE,9
99,119,NA,FALSE,4
99,215,NA,FALSE,8
99,320,NA,FALSE,11
99,159,NA,FALSE,6
99,267,NA,FALSE,9
99,54,NA,FALSE,2
99,246,NA,FALSE,9
99,346,NA,FALSE,12
99,74,NA,FALSE,3
99,132,NA,FALSE,5
99,121,NA,FALSE,5
99,322,NA,FALSE,11
99,243,NA,FALSE,9
99,40,NA,FALSE,2
99,68,NA,FALSE,3
100,104,NA,FALSE,4
100,287,NA,FALSE,10
100,195,NA,FALSE,7
100,318,NA,TRUE,11
100,339,NA,TRUE,12
100,300,NA,FALSE,10
100,249,NA,FALSE,9
100,94,NA,FALSE,4
100,115,NA,FALSE,4
100,266,NA,FALSE,9
100,320,NA,FALSE,11
100,276,NA,FALSE,10
100,232,NA,FALSE,8
100,95,NA,FALSE,4
100,88,NA,FALSE,3
100,269,NA,FALSE,9
100,213,NA,FALSE,8
100,309,NA,FALSE,11
100,213,NA,FALSE,8
100,302,NA,FALSE,11
100,161,NA,FALSE,6
100,176,NA,FALSE,6
100,205,NA,FALSE,7
100,122,NA,FALSE,5
100,93,NA,FALSE,4
100,117,NA,FALSE,4
100,133,NA,FALSE,5
100,55,NA,FALSE,2
100,292,NA,FALSE,10
100,359,NA,FALSE,12
100,52,NA,FALSE,2
100,313,NA,FALSE,11
100,344,NA,FALSE,12
100,279,NA,FALSE,10
100,332,NA,FALSE,12
100,205,NA,FALSE,7
100,95,NA,FALSE,4
100,115,NA,TRUE,4
100,84,NA,FALSE,3
100,351,NA,FALSE,12
100,308,NA,FALSE,11
100,255,NA,FALSE,9
100,80,NA,FALSE,3
100,279,NA,FALSE,10
100,29,NA,FALSE,1
100,352,NA,FALSE,12
100,80,NA,FALSE,3
100,51,NA,FALSE,2
100,257,NA,FALSE,9
100,336,NA,FALSE,12
100,61,NA,FALSE,3
100,103,NA,FALSE,4
100,264,NA,FALSE,9
100,154,NA,FALSE,6
100,122,NA,FALSE,5
100,158,NA,TRUE,6
100,135,NA,FALSE,5
